customer_id,customer_name,registration_date,email,gender,age,birth,pref
Cg######,森 裕樹,2024-11-16 00:56:31,yoichisato@yahoo.com,M,71,2005/09/01,山口県
HP######,高橋 知実,2024-08-24 15:35:06,hidekitakahashi@ogawa.net,F,34,1986/09/15,山口県
ZO######,伊藤 充,2023-09-25 17:43:36,nakajimayui@sato.jp,M,26,1975/09/26,鳥取県
Jy######,遠藤 健一,2024-07-21 14:58:34,momoko78@ito.jp,M,50,1966/07/17,岐阜県
dO######,中島 あすか,2023-06-12 13:40:24,asukasuzuki@sato.jp,M,70,1985/11/07,福井県
bi######,山本 太一,2023-10-25 15:32:54,yamazakichiyo@matsuda.com,F,37,1967/07/21,沖縄県
ok######,石川 洋介,2024-09-23 19:58:44,kaoriyoshida@gmail.com,M,30,1945/02/13,佐賀県
mR######,高橋 千代,2024-11-06 23:04:11,yamadanaoko@maeda.com,M,45,1949/08/04,鹿児島県
DN######,橋本 知実,2024-04-15 20:51:14,tanakatakuma@fujii.com,M,65,1971/07/21,青森県
lD######,小林 洋介,2023-10-25 16:56:04,yutakato@yahoo.com,F,46,1966/03/24,埼玉県
tp######,山本 修平,2024-12-12 15:43:37,gotoshota@hotmail.com,M,30,1994/03/13,徳島県
pG######,青木 美加子,2022-06-17 00:31:19,wnakamura@shimizu.org,M,63,1987/07/22,茨城県
uh######,加藤 裕樹,2024-09-24 06:31:30,fujiishota@murakami.com,M,52,1982/05/23,徳島県
PD######,藤井 零,2024-05-28 16:04:26,ikedayui@sato.org,M,78,1986/10/25,岩手県
VV######,福田 舞,2024-09-10 17:18:37,dkobayashi@gmail.com,F,23,1976/12/18,福井県
CQ######,中村 くみ子,2023-03-19 13:32:30,mituruyamada@hayashi.net,M,35,1949/09/14,石川県
Ce######,近藤 淳,2022-10-13 02:15:19,itokazuya@gmail.com,F,68,1972/04/11,青森県
wz######,中島 七夏,2024-02-09 06:48:44,tsubasatanaka@sato.jp,F,22,1987/10/20,鳥取県
MK######,山口 和也,2023-06-08 09:35:44,yoichigoto@takahashi.jp,F,64,1955/09/01,茨城県
lv######,山田 真綾,2022-05-03 07:33:02,taroishikawa@gmail.com,M,42,1999/04/27,滋賀県
TP######,加藤 涼平,2022-11-09 14:10:51,kumiko62@yahoo.com,F,19,1957/05/17,京都府
nb######,山田 翔太,2023-09-07 16:25:24,gwatanabe@hotmail.com,M,27,1974/06/27,高知県
sV######,斉藤 さゆり,2024-12-17 14:13:45,haruka85@yamada.jp,F,73,1996/09/03,山梨県
nG######,佐藤 加奈,2022-12-18 02:42:01,mai87@ikeda.net,F,47,1944/05/09,京都府
wb######,高橋 零,2024-02-03 14:46:32,umori@takahashi.com,F,67,1968/07/14,和歌山県
Xe######,高橋 健一,2023-01-17 16:59:36,watanabetakuma@inoue.jp,F,76,1988/09/25,埼玉県
WK######,木村 里佳,2023-09-24 06:23:58,yoichiyamada@yahoo.com,F,62,1990/07/29,福島県
Rk######,山口 智也,2024-05-26 04:04:36,hideki38@okada.jp,F,22,2003/11/02,富山県
br######,清水 知実,2024-04-08 11:13:25,yoshidanaoto@nakagawa.org,F,72,1991/07/10,佐賀県
GK######,藤井 裕太,2022-03-16 11:01:36,sayuri86@hotmail.com,F,73,1958/02/07,青森県
IF######,渡辺 くみ子,2023-01-12 01:49:16,rika02@yahoo.com,M,50,1977/05/14,栃木県
GV######,藤井 智也,2024-02-03 07:41:57,hsuzuki@murakami.jp,M,71,1982/11/01,千葉県
kH######,西村 裕太,2024-10-22 04:44:14,hanako69@hotmail.com,F,18,1972/03/09,福島県
Pt######,橋本 知実,2025-02-26 13:29:37,akiraokada@aoki.org,F,35,1972/04/05,山形県
vp######,渡辺 翼,2024-11-02 22:34:06,yamamotorei@sato.jp,F,49,1998/08/29,奈良県
xf######,高橋 篤司,2023-03-14 08:07:17,iyamashita@ito.jp,M,64,1983/03/08,愛知県
MF######,鈴木 七夏,2023-08-31 06:14:30,emori@yahoo.com,F,66,1999/09/21,京都府
zM######,伊藤 里佳,2023-04-05 11:03:54,tsubasa02@goto.com,M,28,2004/09/12,佐賀県
TH######,伊藤 香織,2024-05-13 03:53:13,maayahayashi@sato.com,M,38,1966/09/07,福岡県
ot######,高橋 治,2023-08-16 06:29:46,ryoheiyamamoto@gmail.com,M,43,1972/06/27,静岡県
zj######,小林 聡太郎,2022-05-31 11:46:18,kenichisato@yahoo.com,M,42,1983/04/12,長野県
HN######,山崎 香織,2025-02-21 09:44:05,gishikawa@gmail.com,M,39,2005/04/06,兵庫県
Ss######,後藤 結衣,2024-09-30 08:03:26,kana69@yamashita.net,F,76,1985/07/28,神奈川県
SF######,加藤 明美,2024-07-19 16:33:00,takahashitaichi@tanaka.jp,F,44,1986/03/26,香川県
CJ######,橋本 美加子,2023-05-10 07:56:03,naoko33@suzuki.org,F,66,1969/04/11,茨城県
YC######,松本 春香,2023-01-10 05:50:30,mikako29@gmail.com,F,30,1963/08/17,三重県
bO######,斎藤 知実,2023-06-13 08:28:38,kazuya48@nakamura.com,F,50,1991/10/24,大阪府
Ms######,斉藤 桃子,2023-02-09 21:26:10,kimuraosamu@hotmail.com,M,51,1997/09/26,奈良県
ZD######,高橋 真綾,2024-01-05 14:07:50,tomoyainoue@gmail.com,F,58,1960/04/05,鹿児島県
Rp######,池田 和也,2024-08-19 11:00:42,bota@yamamoto.jp,F,52,1988/04/26,長崎県
KJ######,山崎 知実,2024-04-07 08:31:42,yamamotonanami@saito.jp,M,18,1947/04/19,鳥取県
iR######,高橋 七夏,2024-06-01 03:21:08,okadasayuri@nakajima.net,F,38,1957/01/12,三重県
IT######,加藤 花子,2022-06-03 20:35:21,takuma36@sato.jp,M,65,1973/03/16,愛知県
Yu######,中島 京助,2024-07-28 18:31:49,endotaro@abe.net,F,72,1964/02/04,栃木県
BE######,田中 裕太,2022-12-21 21:58:14,naokiendo@yahoo.com,M,23,1959/06/18,静岡県
Ex######,中川 晃,2023-10-23 22:44:24,miurakumiko@gmail.com,F,45,1989/03/13,徳島県
fp######,藤田 聡太郎,2024-11-22 15:16:48,katohanako@kato.com,F,34,1994/03/09,神奈川県
rm######,後藤 真綾,2023-07-06 18:13:38,dishikawa@gmail.com,M,22,1980/10/24,宮城県
uN######,高橋 亮介,2022-12-21 07:20:31,whayashi@kobayashi.com,M,48,1944/05/03,宮崎県
Ph######,伊藤 結衣,2022-04-28 13:17:30,cishikawa@nakamura.org,M,22,1964/11/30,愛知県
vr######,小林 和也,2024-12-17 18:26:17,osaito@hasegawa.net,M,55,1950/02/28,北海道
Tr######,長谷川 直樹,2023-03-14 19:46:18,okamotoshohei@tanaka.com,M,20,1988/11/24,宮崎県
Za######,加藤 明美,2024-03-06 02:51:20,satoyumiko@gmail.com,M,70,2007/01/31,愛知県
Qq######,伊藤 桃子,2023-04-08 19:16:30,kyosuke88@yahoo.com,M,40,2006/08/26,佐賀県
mn######,坂本 康弘,2023-08-13 02:54:38,naoto30@tanaka.net,M,54,2005/11/14,東京都
TW######,佐藤 裕太,2023-11-02 03:09:48,akobayashi@okamoto.org,F,70,1994/03/21,秋田県
Cq######,岡本 七夏,2023-07-16 13:50:24,nishimurarei@gmail.com,F,54,1957/11/25,佐賀県
Dg######,斎藤 太郎,2024-04-23 02:24:17,baoki@gmail.com,M,27,1960/05/06,沖縄県
px######,鈴木 さゆり,2024-11-17 16:42:18,okamotokazuya@fujii.com,F,27,1951/03/13,徳島県
Hf######,中島 くみ子,2023-12-11 01:00:05,ryohei67@yahoo.com,F,36,1956/11/25,秋田県
Eh######,吉田 学,2023-03-12 11:57:22,minorusakamoto@hotmail.com,F,34,1965/11/11,青森県
iy######,加藤 康弘,2024-01-01 05:09:32,akiranakagawa@gmail.com,F,38,1990/10/29,京都府
iQ######,伊藤 真綾,2022-12-31 23:27:06,yishii@takahashi.com,M,31,1967/02/13,栃木県
uR######,山下 裕太,2024-10-14 02:11:51,minorukato@ogawa.jp,F,26,1958/12/24,京都府
AI######,井上 春香,2023-12-16 18:15:46,taro61@hotmail.com,M,63,1988/11/09,山梨県
sR######,田中 智也,2024-06-18 13:32:40,takumamaeda@tanaka.org,F,18,1964/02/26,山形県
Do######,佐々木 太一,2024-01-02 21:21:46,hayashisatomi@gmail.com,F,68,1951/06/27,鳥取県
jc######,山崎 真綾,2024-07-02 02:55:48,hanako24@gmail.com,F,62,1945/09/28,新潟県
JW######,橋本 明美,2022-05-20 06:18:34,hanakofujiwara@gmail.com,M,30,1964/02/03,富山県
Iu######,岡田 拓真,2022-10-29 14:24:46,yumikoito@hasegawa.net,F,21,1996/02/26,大分県
Vy######,松本 拓真,2023-01-22 07:34:19,kyosukeokada@gmail.com,M,79,1974/03/22,沖縄県
KT######,伊藤 里佳,2023-03-04 17:50:44,yuta94@gmail.com,F,18,1945/08/06,広島県
nS######,鈴木 学,2022-08-10 14:31:54,yosukeyamada@nakajima.com,M,66,1968/02/01,宮城県
ws######,山崎 稔,2023-04-30 11:31:06,rika02@yahoo.com,F,57,2000/01/16,熊本県
vT######,吉田 結衣,2023-08-20 12:51:04,yamashitahideki@ito.com,M,49,1992/11/09,京都府
mS######,中村 香織,2023-02-25 23:50:01,kenichi10@maeda.jp,M,51,2003/06/29,栃木県
tS######,山下 涼平,2024-07-03 10:51:44,tsubasa58@gmail.com,F,45,1949/08/17,愛媛県
Io######,加藤 真綾,2022-03-15 08:42:15,vyamada@hotmail.com,M,48,1981/01/22,三重県
Gh######,青木 亮介,2024-07-17 15:04:29,likeda@suzuki.jp,F,25,1967/03/20,長崎県
cd######,田中 治,2024-06-22 08:28:54,jhashimoto@hotmail.com,F,56,1993/06/30,兵庫県
GL######,田中 京助,2023-06-22 09:07:58,smatsumoto@hotmail.com,F,43,1952/06/20,石川県
Zd######,渡辺 康弘,2023-05-13 21:27:23,reikobayashi@kobayashi.jp,F,75,1947/01/12,岡山県
lM######,遠藤 康弘,2022-08-02 02:47:05,ryohei76@hayashi.com,F,51,1950/10/23,広島県
Lo######,山本 浩,2022-07-06 08:17:48,yutagoto@tanaka.com,F,71,1988/10/07,神奈川県
eG######,山下 充,2022-12-10 11:45:43,shota71@gmail.com,F,71,1972/05/23,茨城県
PY######,渡辺 晃,2024-01-12 14:06:25,suzukiyoichi@kato.jp,F,20,1985/01/13,和歌山県
Sh######,小林 結衣,2024-09-27 16:30:50,satomisato@yahoo.com,F,76,1999/08/10,奈良県
lb######,山田 桃子,2023-10-15 02:59:45,kaori83@yahoo.com,F,67,1982/03/05,山口県
wV######,加藤 京助,2022-10-24 16:52:19,shimizushota@hotmail.com,F,29,1951/03/25,兵庫県
Rw######,吉田 陽子,2022-08-11 19:33:01,maedamai@watanabe.jp,M,18,2003/08/15,山口県
zt######,山下 康弘,2024-09-08 04:31:54,manabu92@yamamoto.org,M,71,1974/05/12,長崎県
lz######,阿部 加奈,2023-06-28 14:58:21,nnakamura@gmail.com,F,61,2007/02/16,三重県
lH######,佐藤 知実,2024-04-05 19:20:21,yosukeyamashita@fujii.com,F,22,2006/06/06,石川県
KR######,藤田 知実,2024-08-04 06:46:17,fmatsuda@hotmail.com,F,47,1966/01/08,東京都
ko######,中島 拓真,2022-05-21 06:51:46,tsubasa34@ishikawa.com,F,47,1946/12/24,青森県
lx######,中村 陽一,2024-02-13 21:00:26,suzukihanako@yahoo.com,F,76,1997/06/02,島根県
lt######,吉田 和也,2024-02-24 06:24:36,junokamoto@hotmail.com,F,74,1987/12/10,熊本県
HA######,佐々木 結衣,2022-09-09 10:38:38,ishikawarika@sasaki.com,F,34,1962/04/18,徳島県
Up######,佐藤 亮介,2022-03-27 01:49:44,uwatanabe@kimura.com,F,65,2000/07/23,茨城県
sg######,佐藤 亮介,2023-06-12 21:30:49,akobayashi@gmail.com,M,64,1952/11/08,静岡県
OO######,佐藤 裕美子,2023-04-29 15:14:33,ryohei93@inoue.com,F,40,1985/01/23,高知県
Ta######,伊藤 裕美子,2023-02-14 02:17:40,qtakahashi@hotmail.com,M,32,1948/08/25,京都府
Eq######,中島 直子,2022-10-13 23:46:14,naoto09@hotmail.com,F,54,1968/02/16,宮崎県
LC######,中村 明美,2024-10-22 22:04:52,jaoki@gmail.com,F,38,1970/05/10,大阪府
Cc######,斉藤 裕美子,2023-10-17 14:47:20,moriyuta@kimura.net,M,31,1948/09/12,長崎県
Wv######,藤井 七夏,2024-11-20 19:15:41,mai72@hotmail.com,F,19,1960/11/28,新潟県
Ec######,木村 加奈,2023-01-14 04:15:40,iwatanabe@saito.jp,M,28,1958/05/02,福岡県
aY######,山田 香織,2023-02-28 10:20:39,sayuriishikawa@ishii.jp,F,68,1983/12/29,群馬県
VU######,山崎 加奈,2024-11-19 07:11:31,sotaroogawa@takahashi.com,F,56,1994/10/18,岩手県
aj######,渡辺 舞,2024-05-02 23:14:21,asuka36@gmail.com,M,55,1944/03/17,東京都
RQ######,佐藤 加奈,2023-04-03 09:58:35,yutakobayashi@hotmail.com,F,77,1989/02/07,和歌山県
pU######,小林 京助,2024-07-27 10:57:50,taichi05@gmail.com,M,51,1980/12/12,埼玉県
ti######,近藤 篤司,2022-11-28 22:34:16,rikayamashita@hotmail.com,F,55,1965/12/24,大分県
vH######,山下 裕太,2022-11-24 20:30:37,kazuya26@hotmail.com,M,67,1981/05/16,栃木県
lN######,高橋 直樹,2022-04-20 04:39:11,kyosukesuzuki@aoki.jp,M,51,1952/10/05,茨城県
yf######,渡辺 直人,2024-04-11 05:05:03,matsumotomaaya@gmail.com,F,35,1951/05/05,秋田県
Bv######,三浦 直子,2022-08-19 23:31:36,mikakosato@kobayashi.com,F,47,1965/02/23,佐賀県
BA######,中村 真綾,2025-02-16 02:02:47,kazuya16@yamamoto.com,M,32,1950/08/20,佐賀県
uV######,高橋 智也,2025-01-05 05:03:01,shoheiyamaguchi@kobayashi.jp,F,44,2001/08/20,三重県
jU######,佐藤 太郎,2024-12-09 20:06:58,tsato@gmail.com,F,68,1967/12/30,山梨県
aR######,伊藤 真綾,2024-02-15 09:51:49,gotorei@saito.org,F,51,1950/12/03,山梨県
cD######,吉田 舞,2024-07-01 06:59:23,yuiito@nishimura.jp,M,69,1956/06/30,兵庫県
UO######,清水 里佳,2023-05-30 14:30:38,reiito@kato.jp,M,74,1975/01/13,福井県
LL######,山田 晃,2024-01-31 10:54:32,naokikondo@yahoo.com,M,55,1991/02/14,和歌山県
PV######,田中 真綾,2024-02-20 21:20:18,takahashinaoko@watanabe.com,M,50,2006/02/11,栃木県
tk######,中島 陽子,2022-07-27 02:54:22,usaito@takahashi.net,M,41,1998/07/01,青森県
PL######,木村 七夏,2024-08-28 22:07:04,sayuri21@yahoo.com,M,32,1964/04/02,香川県
Ud######,中村 太郎,2023-11-05 08:47:55,hiroshiogawa@maeda.org,M,77,1977/10/08,大阪府
dS######,木村 さゆり,2024-09-17 02:31:16,atsushi73@sasaki.jp,M,47,1994/08/11,茨城県
lU######,石川 京助,2024-02-20 08:13:30,hayashiryosuke@nishimura.jp,M,72,1979/01/23,奈良県
vW######,加藤 修平,2025-01-28 13:36:07,chiyomatsumoto@yamaguchi.com,F,59,1977/07/31,福岡県
pM######,佐々木 七夏,2023-05-30 04:41:50,hiroshiishii@aoki.jp,M,68,1961/04/07,群馬県
lK######,阿部 桃子,2022-11-05 23:01:18,rei45@ito.jp,F,34,1963/12/07,京都府
GR######,鈴木 知実,2023-08-15 16:35:00,taichifujita@gmail.com,F,22,1971/09/12,愛媛県
IY######,佐藤 加奈,2022-07-11 08:51:21,yuisato@hasegawa.jp,F,46,1986/11/15,千葉県
Fm######,山本 康弘,2024-02-19 03:57:33,nikeda@hotmail.com,M,21,1992/06/28,鳥取県
nc######,佐藤 学,2023-04-03 17:54:52,maayahayashi@sato.org,M,27,2004/09/09,徳島県
Cl######,青木 浩,2024-10-02 20:16:26,nakamurasotaro@yahoo.com,M,73,1990/10/15,佐賀県
Wi######,阿部 康弘,2022-10-29 15:02:03,hanakotanaka@watanabe.jp,M,34,1978/06/02,新潟県
AU######,山田 晃,2023-05-27 00:05:56,sgoto@gmail.com,F,27,1974/11/24,沖縄県
MW######,山下 明美,2024-11-26 14:54:20,hasegawanaoki@gmail.com,M,34,1998/06/01,鳥取県
ET######,西村 加奈,2022-11-19 17:27:05,tomoyaito@fujita.jp,M,77,1991/04/19,大分県
SP######,山本 陽子,2024-05-19 17:33:58,uyamaguchi@yahoo.com,M,37,1999/02/06,愛媛県
We######,中島 美加子,2024-04-26 23:12:51,tmaeda@hotmail.com,M,41,1963/07/22,山口県
NM######,山本 智也,2024-03-30 06:03:28,akemiyamazaki@yahoo.com,M,22,1969/03/16,兵庫県
HQ######,加藤 幹,2025-02-01 02:23:45,maiyamada@kato.net,F,51,1984/03/05,東京都
qL######,鈴木 晃,2025-01-19 21:04:06,nsuzuki@hayashi.net,M,23,1998/05/10,滋賀県
Ui######,西村 淳,2022-03-12 16:21:40,ishiikenichi@sato.jp,F,70,1973/12/14,山梨県
gI######,渡辺 亮介,2024-07-06 15:19:08,akemi32@gmail.com,M,19,1953/09/02,福井県
pH######,西村 千代,2023-04-23 17:07:46,takuma64@suzuki.jp,F,30,1985/03/06,鹿児島県
rc######,佐藤 香織,2022-10-03 04:35:51,fabe@ikeda.com,M,79,1958/06/03,長野県
uW######,加藤 さゆり,2023-02-25 18:24:15,anakamura@gmail.com,M,60,1953/03/28,新潟県
Ue######,近藤 裕美子,2023-08-20 13:16:55,satoyasuhiro@nakamura.com,F,60,1992/10/15,山梨県
Cd######,斎藤 和也,2023-03-25 11:50:50,msuzuki@hotmail.com,F,65,1959/11/05,京都府
BP######,斎藤 淳,2023-10-10 21:23:44,naokikobayashi@okamoto.net,F,28,1955/08/03,北海道
CS######,田中 浩,2023-02-01 18:50:58,akiraishikawa@nakamura.com,M,68,1945/08/24,愛媛県
EZ######,鈴木 里佳,2023-03-12 03:12:57,lsato@watanabe.com,F,64,1997/03/16,福島県
Ff######,後藤 稔,2023-01-24 18:28:01,rnakamura@gmail.com,M,74,2006/01/18,福岡県
YN######,後藤 聡太郎,2022-03-28 18:35:46,ryohei98@yahoo.com,M,40,2006/01/04,宮崎県
ZG######,鈴木 智也,2023-04-14 11:51:28,xhayashi@sato.jp,F,72,1996/04/05,栃木県
wD######,伊藤 亮介,2022-06-15 19:18:39,yumikoito@yahoo.com,F,33,1989/05/09,埼玉県
MR######,藤田 千代,2023-09-06 00:48:52,tomoya52@watanabe.jp,M,48,2001/08/11,秋田県
Xj######,山田 千代,2022-04-29 05:56:10,atsushi01@gmail.com,M,28,1976/07/11,茨城県
Cw######,田中 結衣,2023-11-02 04:39:47,yoichitakahashi@inoue.jp,F,71,1963/01/23,石川県
gY######,松本 真綾,2022-06-18 21:23:11,htanaka@gmail.com,F,33,1953/06/14,岡山県
nw######,高橋 健一,2022-08-11 17:31:10,asukasaito@hotmail.com,F,25,1962/07/22,栃木県
RM######,松本 太一,2022-09-16 16:02:34,momokotanaka@yamazaki.com,M,21,1993/07/26,長崎県
pa######,佐々木 陽子,2024-01-02 02:56:15,itoasuka@fujii.jp,M,57,1952/05/14,高知県
De######,林 明美,2023-12-08 02:46:33,kaori44@gmail.com,M,21,1952/12/24,岐阜県
Pq######,山崎 知実,2024-09-09 08:55:09,satomi90@nishimura.jp,M,73,2000/05/24,神奈川県
MS######,加藤 七夏,2023-04-14 12:50:27,yoshidamiki@yahoo.com,M,42,1976/03/06,岡山県
hp######,小林 和也,2024-04-28 09:02:54,chiyotakahashi@tanaka.jp,M,20,1997/05/29,千葉県
mb######,青木 太一,2024-07-18 17:48:04,shota34@gmail.com,F,49,1997/05/06,徳島県
cc######,石川 智也,2024-01-22 04:38:00,nakamuratsubasa@hotmail.com,M,20,1955/02/20,富山県
lT######,森 英樹,2022-03-19 02:35:57,yumiko18@hotmail.com,M,44,1952/08/29,群馬県
Xx######,坂本 知実,2023-12-11 09:41:13,nakagawakyosuke@nakamura.com,M,46,1947/01/29,富山県
Lg######,斎藤 結衣,2024-09-12 15:18:13,psuzuki@gmail.com,F,49,1969/09/23,山口県
Vo######,田中 充,2024-06-08 09:34:19,jsuzuki@hotmail.com,M,67,1982/07/09,岐阜県
kj######,小林 あすか,2024-02-15 07:27:50,yhasegawa@hotmail.com,M,78,1954/03/10,福岡県
aQ######,橋本 聡太郎,2024-08-26 01:49:37,yamaguchiryosuke@nakamura.jp,F,75,2002/06/23,奈良県
mB######,田中 裕太,2023-06-07 03:36:49,rikawatanabe@ogawa.com,M,68,1950/01/31,群馬県
Lt######,前田 翼,2023-06-07 06:03:35,kumikoyamaguchi@ikeda.jp,M,36,1947/12/27,新潟県
pb######,斎藤 翔太,2022-06-03 16:57:27,ryohei42@nakagawa.net,M,38,1988/04/13,熊本県
CD######,岡本 涼平,2023-06-23 23:45:20,csaito@hayashi.com,M,22,1946/01/24,高知県
Gr######,斎藤 裕太,2024-10-02 17:05:55,fujitatomoya@gmail.com,M,35,2002/07/13,兵庫県
fH######,小林 明美,2024-03-09 18:50:44,osamu81@yamazaki.jp,F,45,1979/11/13,愛知県
bZ######,山下 直樹,2024-07-14 21:58:31,etakahashi@yamamoto.jp,F,59,1999/10/06,長野県
OR######,山田 篤司,2024-08-02 07:51:08,haruka58@yoshida.com,F,78,1966/08/08,石川県
En######,藤原 直子,2022-08-27 23:19:26,baoki@suzuki.com,M,39,1945/10/02,徳島県
xS######,前田 幹,2024-10-13 21:03:35,dokamoto@hotmail.com,M,38,1986/03/29,滋賀県
tP######,池田 美加子,2023-10-26 17:41:28,maayanakamura@kimura.com,M,23,1961/07/28,山口県
aD######,斉藤 結衣,2025-02-05 23:58:32,ywatanabe@hotmail.com,F,18,1988/07/31,石川県
bR######,佐藤 稔,2025-02-26 13:11:22,mituru72@fujita.com,M,22,1959/05/31,滋賀県
HB######,鈴木 篤司,2024-04-27 10:51:09,watanaberyosuke@saito.com,M,58,1973/07/05,山口県
wj######,西村 拓真,2023-01-05 01:28:25,hidekisato@kondo.jp,F,29,1966/09/17,福岡県
Wh######,中島 さゆり,2022-11-09 02:22:10,sasakisotaro@gmail.com,M,43,1961/12/03,茨城県
vI######,渡辺 舞,2024-07-27 07:04:12,naoto14@miura.jp,F,63,1988/12/26,鹿児島県
mH######,伊藤 和也,2024-05-03 07:00:54,isato@yahoo.com,F,51,1998/01/06,栃木県
vd######,清水 あすか,2024-02-24 14:17:12,hidekinakajima@yahoo.com,F,66,1945/03/02,熊本県
Uj######,三浦 さゆり,2023-03-22 07:22:42,tsubasafujita@tanaka.jp,M,31,1956/09/26,三重県
Cf######,森 七夏,2024-10-04 21:17:41,tnakagawa@nakagawa.jp,M,43,2004/10/07,鹿児島県
Qs######,山田 洋介,2023-11-23 19:47:24,oito@watanabe.jp,M,62,1998/09/15,鹿児島県
Nm######,石川 稔,2024-10-22 07:59:13,haruka85@suzuki.com,M,44,1963/08/09,滋賀県
Ol######,阿部 翔太,2022-10-12 07:23:07,nakajimataro@gmail.com,M,26,2000/10/27,長崎県
pr######,小林 桃子,2023-03-17 10:09:36,asuka96@mori.jp,M,43,1945/01/04,群馬県
zU######,鈴木 里佳,2024-03-26 17:53:08,mituru84@hotmail.com,M,74,1984/08/30,山口県
to######,伊藤 明美,2023-04-17 03:09:13,oinoue@goto.com,F,64,1951/10/16,沖縄県
tZ######,高橋 香織,2022-12-18 00:09:14,satomi81@hotmail.com,M,74,1953/09/28,千葉県
Fc######,高橋 淳,2022-08-19 12:39:05,csato@ikeda.jp,F,39,1948/08/13,宮崎県
IZ######,鈴木 美加子,2022-04-15 03:45:37,iokada@gmail.com,M,64,1989/06/22,福岡県
sZ######,松本 篤司,2024-11-16 04:42:41,akira34@hotmail.com,M,73,1944/11/04,北海道
rB######,吉田 浩,2024-01-01 19:17:23,yamaguchitaro@shimizu.com,M,47,1978/08/26,東京都
ml######,木村 くみ子,2023-12-27 09:56:04,yamaguchiryosuke@sasaki.com,F,60,1968/05/18,和歌山県
hA######,山田 修平,2023-03-08 21:03:22,yogawa@gmail.com,F,65,1978/07/09,奈良県
QI######,中村 英樹,2022-10-06 22:52:02,minorufujii@yamamoto.jp,F,78,2001/01/12,宮崎県
dg######,井上 裕太,2024-01-30 18:22:40,nsato@kato.org,F,34,1948/01/01,福井県
yI######,田中 直樹,2023-07-28 14:31:03,tsubasa17@hotmail.com,M,43,1969/02/27,京都府
ZE######,鈴木 知実,2025-02-24 07:44:19,yokoyamamoto@watanabe.com,F,53,1998/08/27,奈良県
Ez######,小林 千代,2023-02-01 16:48:10,kfujii@yoshida.jp,M,18,1974/01/26,沖縄県
aa######,佐々木 裕太,2023-03-08 19:10:37,tsubasaaoki@inoue.jp,M,25,1991/02/07,大分県
XB######,吉田 英樹,2022-06-13 19:18:08,rika14@ito.com,F,66,1986/12/07,宮城県
Om######,遠藤 里佳,2022-12-17 05:02:47,yamaguchitakuma@tanaka.jp,F,52,1986/02/24,宮崎県
CF######,山本 千代,2023-12-06 18:53:36,mai13@hotmail.com,F,78,1952/07/21,群馬県
Dt######,佐藤 くみ子,2023-04-26 17:53:10,tsubasa16@gmail.com,F,69,1945/04/18,岩手県
Qu######,田中 明美,2023-11-18 15:08:05,yoichi35@kobayashi.com,F,32,1972/12/24,長野県
Xt######,高橋 明美,2022-03-26 13:43:30,reiishikawa@yahoo.com,F,64,1951/10/23,長崎県
Xp######,松本 零,2024-03-02 11:57:44,maayakimura@saito.com,F,73,1960/07/23,静岡県
Oc######,石井 里佳,2023-04-03 19:25:08,rikanakamura@nishimura.com,F,39,1963/11/18,和歌山県
ZI######,山下 美加子,2023-11-01 12:30:09,mito@hotmail.com,M,31,1955/12/11,山口県
Nn######,斉藤 直子,2022-06-15 19:20:42,sasakiyumiko@abe.jp,F,43,1947/03/20,熊本県
Rt######,後藤 あすか,2025-02-28 08:25:23,nakamurakyosuke@tanaka.net,F,45,1985/08/01,佐賀県
Zo######,山本 翔太,2023-11-10 02:03:10,tanakatsubasa@yahoo.com,M,40,1994/04/12,和歌山県
fG######,橋本 陽一,2024-11-26 23:22:10,nanamikobayashi@ito.jp,F,31,1984/02/28,大分県
Bt######,高橋 陽子,2024-08-21 06:25:04,shota58@suzuki.org,M,41,1953/05/19,山梨県
Im######,小川 舞,2024-11-04 04:52:06,kazuya91@yahoo.com,M,19,2005/12/31,岩手県
CU######,加藤 真綾,2022-08-28 07:27:26,katonanami@yahoo.com,F,62,1966/06/15,高知県
Vz######,藤井 あすか,2022-10-12 06:19:56,kyosukemori@hashimoto.com,M,43,1983/05/01,岡山県
qn######,加藤 陽子,2022-04-09 15:59:07,kondotomoya@sato.jp,M,31,1959/07/15,福島県
pw######,近藤 稔,2025-02-12 15:21:58,xwatanabe@hotmail.com,M,76,1990/03/16,熊本県
rH######,渡辺 里佳,2024-12-15 17:56:59,gsuzuki@yahoo.com,M,73,1983/06/19,熊本県
in######,池田 拓真,2024-02-17 10:11:52,takahashikaori@gmail.com,F,68,1962/04/21,東京都
on######,加藤 花子,2024-07-02 03:10:12,sotaro82@hotmail.com,M,24,1964/03/02,鹿児島県
PU######,岡田 舞,2023-10-01 15:03:34,manabu94@gmail.com,F,20,1994/06/29,宮城県
cy######,高橋 健一,2023-10-13 11:38:36,nishimurakumiko@mori.jp,M,64,2002/05/17,鹿児島県
DB######,小林 智也,2022-10-27 13:05:04,morimituru@mori.net,M,40,1989/09/22,東京都
iI######,山本 健一,2022-05-01 08:37:54,chiyo03@saito.com,M,63,2002/08/16,福井県
zr######,佐藤 充,2024-12-05 22:29:34,hiroshikondo@fujii.org,M,60,1968/10/08,北海道
hP######,渡辺 あすか,2024-04-25 23:06:58,fendo@hotmail.com,F,64,2004/03/25,岡山県
yk######,中川 太郎,2023-11-14 00:41:29,mituruyamaguchi@suzuki.net,F,77,1949/11/22,徳島県
JI######,伊藤 学,2022-11-03 09:30:50,chiyofujiwara@watanabe.com,M,62,1992/05/16,広島県
KI######,森 充,2022-03-11 17:41:21,maayawatanabe@matsumoto.com,M,35,1970/01/24,大分県
wU######,加藤 香織,2022-11-07 09:56:22,yosuketakahashi@tanaka.jp,F,75,1987/11/02,滋賀県
AB######,小林 京助,2023-09-14 08:30:32,kimurashohei@yahoo.com,M,55,1999/12/08,大分県
be######,伊藤 香織,2022-03-15 22:09:46,osamunakajima@yahoo.com,M,52,1990/09/01,愛媛県
gD######,鈴木 智也,2025-01-29 09:42:48,miki66@watanabe.net,M,68,1964/05/04,徳島県
fv######,山本 明美,2024-09-25 05:16:01,usaito@hotmail.com,F,32,1986/02/17,岐阜県
CX######,村上 美加子,2024-08-17 05:35:21,fnishimura@fukuda.com,F,42,1986/03/30,北海道
db######,長谷川 英樹,2023-02-20 19:25:27,esato@hotmail.com,F,72,2001/05/18,山梨県
gu######,中島 裕美子,2022-11-16 06:46:09,yuiyoshida@hotmail.com,M,54,1952/08/11,秋田県
dW######,鈴木 零,2022-04-09 01:51:01,dfujii@yahoo.com,M,45,1966/01/25,熊本県
Gf######,藤井 智也,2025-01-10 13:10:57,tanakakazuya@gmail.com,F,27,1948/03/11,静岡県
Dx######,佐藤 舞,2022-09-17 16:46:28,dsato@shimizu.jp,F,56,1979/11/10,熊本県
Ef######,伊藤 花子,2025-02-23 19:09:36,naoto81@saito.com,F,74,1981/07/27,大分県
rL######,斎藤 あすか,2024-09-27 17:00:07,bishii@gmail.com,F,34,1953/05/13,高知県
CN######,伊藤 篤司,2022-10-25 18:17:40,nanaminakajima@gmail.com,M,56,2000/04/06,青森県
JJ######,渡辺 稔,2024-08-21 05:28:19,yoichi78@yahoo.com,F,39,1971/12/28,東京都
hX######,中村 舞,2022-12-12 07:54:29,atsushi40@yamamoto.jp,M,43,1990/06/03,岐阜県
ht######,山崎 篤司,2023-12-01 23:40:11,hidekiito@gmail.com,F,79,1947/04/23,青森県
Vq######,藤原 真綾,2023-11-23 13:16:35,satotakuma@sato.jp,M,61,1980/10/26,愛媛県
Md######,林 晃,2024-10-18 07:40:29,inoueasuka@inoue.jp,F,42,1997/05/21,福島県
Bu######,田中 聡太郎,2024-04-16 15:42:47,kaoriyamaguchi@ota.com,F,34,1975/08/25,熊本県
UZ######,加藤 洋介,2024-11-06 13:11:57,chiyotanaka@yahoo.com,F,30,1963/07/16,山口県
Tj######,小林 拓真,2024-08-04 03:51:52,inoueakemi@gmail.com,F,37,1950/07/02,群馬県
qm######,林 春香,2024-10-03 23:02:48,zogawa@yoshida.org,M,42,1991/10/09,鳥取県
jL######,藤田 陽子,2023-04-23 03:40:13,satoyuki@yahoo.com,F,21,1945/03/08,岩手県
UK######,中島 知実,2023-10-19 01:31:58,asasaki@okamoto.net,M,27,2005/07/30,滋賀県
AK######,小林 稔,2022-03-26 03:36:49,mnishimura@hotmail.com,M,20,1944/12/03,神奈川県
mr######,田中 淳,2023-06-24 00:25:20,osamumatsuda@murakami.com,M,58,1963/05/31,鳥取県
IJ######,高橋 稔,2025-03-05 01:27:39,murakamisayuri@sato.com,M,62,1953/08/12,京都府
BR######,石井 結衣,2023-02-19 01:53:25,akemisato@hotmail.com,F,35,2003/02/22,佐賀県
ql######,前田 七夏,2022-08-20 17:29:24,naoki37@yahoo.com,M,64,1967/06/21,和歌山県
QQ######,石川 くみ子,2022-05-29 03:07:40,saitokyosuke@gmail.com,M,53,1997/09/14,新潟県
An######,森 洋介,2024-01-18 02:54:29,fujiiakira@fujita.jp,M,64,1993/05/05,宮崎県
Il######,山口 亮介,2022-10-03 06:21:29,tsubasa74@suzuki.com,F,39,1995/03/07,千葉県
qq######,斉藤 直人,2024-10-28 19:22:22,ksuzuki@yahoo.com,F,51,1965/03/03,岩手県
nC######,福田 香織,2022-09-30 05:16:43,tomoyamiura@hotmail.com,F,64,1975/12/10,栃木県
fe######,鈴木 康弘,2024-11-28 04:15:28,rfukuda@yahoo.com,F,25,1959/11/01,三重県
Sp######,田中 晃,2025-03-03 02:30:24,ckobayashi@gmail.com,M,57,1986/05/03,福島県
Hz######,佐々木 学,2024-10-26 22:40:49,yamashitaosamu@yahoo.com,M,66,1959/08/01,富山県
ed######,中村 里佳,2023-07-05 02:02:18,nakagawayosuke@yahoo.com,F,61,2003/06/24,広島県
EB######,田中 亮介,2022-07-29 03:38:50,katotaro@hotmail.com,M,36,1992/09/08,愛媛県
EA######,長谷川 明美,2025-01-28 15:34:27,reiyamamoto@gmail.com,M,59,1956/01/23,富山県
Rj######,小林 春香,2022-12-01 06:11:18,zito@yamamoto.jp,M,58,1958/11/08,静岡県
UQ######,長谷川 陽子,2024-12-08 15:54:17,naokitanaka@sato.com,F,54,1995/08/02,島根県
Ov######,林 花子,2023-01-24 15:48:16,wsato@ikeda.com,F,23,1992/12/10,山形県
cH######,遠藤 桃子,2024-09-09 14:30:20,saitomituru@tanaka.jp,M,69,1946/04/23,福島県
Tc######,鈴木 篤司,2023-10-12 22:23:31,pyamamoto@hotmail.com,F,43,2001/11/10,滋賀県
rG######,西村 直樹,2024-08-26 10:44:41,sfujiwara@sasaki.com,F,51,1974/11/06,高知県
VC######,長谷川 陽一,2022-06-07 22:09:07,akira89@hotmail.com,F,76,1985/02/12,新潟県
jZ######,渡辺 直子,2022-06-16 02:02:32,asukasaito@yamaguchi.com,F,73,1990/04/26,埼玉県
bF######,加藤 直樹,2023-04-25 11:16:40,tsubasahasegawa@hotmail.com,F,76,1967/07/19,大阪府
RJ######,鈴木 陽子,2022-10-05 09:46:15,manabumatsumoto@suzuki.jp,M,62,1995/05/11,青森県
st######,中村 幹,2024-10-05 17:32:54,manabu87@yahoo.com,F,23,2004/10/03,青森県
te######,佐藤 明美,2024-02-01 10:45:12,gotonaoki@tanaka.com,M,54,1986/08/25,沖縄県
xT######,田中 健一,2024-02-05 14:32:00,mituru14@hotmail.com,M,74,1947/08/12,神奈川県
PJ######,吉田 結衣,2023-07-31 05:09:17,watanabemituru@gmail.com,F,50,1977/04/11,愛知県
eK######,清水 加奈,2022-05-09 07:14:53,dwatanabe@suzuki.com,M,70,2006/05/01,京都府
TB######,福田 直樹,2022-09-23 11:53:02,afujita@ishikawa.com,M,39,2001/09/25,大分県
pt######,長谷川 裕美子,2023-03-28 03:31:35,kaori63@hotmail.com,M,38,1955/03/10,福岡県
Yd######,井上 涼平,2022-09-28 13:09:10,cyoshida@yahoo.com,F,23,1992/11/25,香川県
FE######,橋本 健一,2024-09-02 04:22:35,matsumotoshohei@ito.jp,F,23,1959/06/13,栃木県
aO######,西村 充,2022-04-07 18:50:53,inouenaoki@yahoo.com,M,72,1994/12/08,山形県
WR######,遠藤 学,2024-10-19 01:39:45,minoru89@gmail.com,F,65,1982/08/01,長野県
fa######,中島 裕樹,2022-06-02 18:28:24,kumikogoto@gmail.com,F,21,1968/12/19,茨城県
XA######,松本 あすか,2023-05-22 23:47:49,mikikobayashi@nakamura.jp,F,47,1971/11/04,岡山県
Gn######,鈴木 明美,2023-11-23 23:19:44,nhashimoto@hotmail.com,F,28,1973/06/05,愛媛県
Lk######,林 桃子,2024-07-29 18:36:23,rikatanaka@gmail.com,M,79,1983/04/28,高知県
Nz######,山本 春香,2022-09-21 21:48:38,kumikomatsuda@yamaguchi.com,M,79,1964/04/06,沖縄県
rM######,高橋 くみ子,2022-05-02 07:34:30,takahashitakuma@yahoo.com,F,47,1994/02/13,埼玉県
SC######,石井 舞,2023-06-04 03:30:30,bsato@kobayashi.jp,F,48,1980/01/05,埼玉県
zq######,田中 あすか,2024-06-07 07:21:33,iaoki@nakamura.com,M,41,1990/03/28,徳島県
Gd######,石川 学,2025-02-27 10:58:04,mai66@kondo.com,M,72,1988/06/01,岐阜県
FV######,藤原 浩,2023-12-04 09:34:51,yui15@nishimura.com,F,26,1971/06/07,滋賀県
ud######,渡辺 涼平,2022-04-13 18:40:55,otahiroshi@gmail.com,M,72,1965/08/31,熊本県
Aj######,高橋 淳,2022-08-25 11:29:31,nmiura@suzuki.jp,F,20,1997/03/08,佐賀県
dX######,中村 裕美子,2024-02-28 00:51:47,hashimotohideki@saito.com,F,68,2002/03/28,京都府
Wa######,山田 陽子,2024-07-28 18:43:52,kmori@yahoo.com,M,48,1948/10/23,埼玉県
EY######,岡本 花子,2025-02-18 13:18:15,htakahashi@takahashi.net,M,57,1976/06/18,福井県
Rx######,伊藤 直樹,2022-09-21 00:26:31,mikakosuzuki@yahoo.com,F,54,1946/09/15,千葉県
EE######,田中 七夏,2023-11-05 15:58:17,vkato@yamashita.com,F,53,1951/01/06,和歌山県
sl######,鈴木 太郎,2022-12-23 17:00:17,kana99@hotmail.com,M,41,1959/03/25,長崎県
ZF######,松本 桃子,2024-03-07 02:07:20,eendo@hotmail.com,F,48,1966/03/07,群馬県
hf######,井上 真綾,2022-09-10 00:27:24,momoko55@hotmail.com,M,23,1977/11/28,岡山県
tN######,藤田 太郎,2022-08-08 19:02:55,qnakamura@yahoo.com,F,19,2005/08/05,香川県
xJ######,近藤 直人,2022-10-24 00:10:47,naoko04@hotmail.com,M,37,1990/01/03,北海道
uQ######,木村 加奈,2023-03-27 10:25:06,satoyui@yahoo.com,M,45,1953/10/09,香川県
cQ######,木村 里佳,2024-11-16 04:11:19,chiyoyamashita@yoshida.jp,M,28,1946/06/09,宮崎県
Ad######,藤原 健一,2022-12-23 08:32:04,suzukinaoko@yahoo.com,F,21,1945/03/06,宮城県
KN######,林 加奈,2022-12-08 09:54:00,tanakakana@hotmail.com,F,32,1994/05/20,佐賀県
lV######,鈴木 稔,2022-05-17 04:44:35,taichiogawa@takahashi.jp,M,23,1944/10/13,愛媛県
zw######,中川 幹,2023-07-13 11:59:37,kumikoyamada@yamamoto.jp,F,71,1955/04/25,大阪府
Tm######,太田 稔,2022-06-29 10:40:01,aokiakemi@miura.com,M,66,1986/01/28,岩手県
sN######,井上 春香,2024-02-23 16:24:49,osamu67@gmail.com,M,47,1955/05/02,福井県
ni######,石井 拓真,2022-09-26 12:24:47,shoheiyoshida@yahoo.com,F,73,1985/01/29,和歌山県
yn######,斉藤 さゆり,2022-06-12 19:42:37,xfujii@yahoo.com,F,55,1995/12/13,群馬県
qa######,森 太一,2024-10-16 18:20:20,tarotakahashi@sasaki.jp,M,68,2004/05/30,徳島県
Xf######,中村 春香,2022-08-19 12:53:30,nendo@takahashi.com,F,79,1956/08/01,佐賀県
Vm######,中村 直子,2023-04-06 14:46:47,suzukirei@kato.com,F,74,1945/08/10,佐賀県
YY######,鈴木 翔太,2024-02-11 22:48:27,jkato@tanaka.jp,M,19,1949/04/03,秋田県
Wt######,石井 修平,2024-12-06 04:54:33,hideki72@takahashi.jp,M,32,1981/04/21,栃木県
rb######,清水 和也,2022-11-19 19:48:59,jkobayashi@yamamoto.jp,F,28,2005/05/02,茨城県
XT######,井上 直樹,2024-04-10 22:16:52,kana72@kato.jp,M,25,1966/07/27,高知県
RU######,後藤 翔太,2024-10-27 03:37:40,dmatsumoto@kato.jp,M,43,2006/03/11,徳島県
Mf######,伊藤 健一,2024-11-02 03:20:38,mikinishimura@gmail.com,F,68,1965/10/15,大阪府
ZW######,田中 充,2023-12-27 02:11:48,kenichisasaki@hotmail.com,M,62,1960/10/30,京都府
uv######,渡辺 零,2022-04-14 15:05:58,ogawamiki@hotmail.com,M,61,1946/08/22,徳島県
UM######,山下 修平,2024-09-10 03:10:08,qnakamura@hotmail.com,F,22,1991/05/22,福井県
jj######,田中 真綾,2022-06-15 20:37:33,takahashisatomi@hotmail.com,F,23,1984/04/21,埼玉県
ii######,山下 知実,2022-08-20 10:47:26,kimurayasuhiro@yamamoto.com,M,43,1987/02/10,京都府
al######,橋本 篤司,2023-01-21 00:38:08,satoshohei@yamada.com,M,71,1963/03/16,長野県
ih######,福田 加奈,2024-06-01 07:28:45,satomitanaka@sato.org,F,21,1994/09/24,岐阜県
Oq######,吉田 康弘,2022-03-17 07:52:37,qokada@takahashi.com,F,36,1951/07/17,熊本県
me######,中島 真綾,2023-09-27 09:51:14,ishiimanabu@yahoo.com,F,37,1980/03/03,大阪府
Cn######,鈴木 くみ子,2023-10-09 08:02:33,nakamuramanabu@yahoo.com,F,50,1995/02/13,香川県
vX######,岡本 亮介,2023-10-08 05:40:17,rikaishii@hotmail.com,M,37,1976/07/31,佐賀県
CK######,田中 京助,2025-02-01 19:01:11,qmurakami@suzuki.jp,F,66,1953/12/14,鳥取県
ab######,佐藤 くみ子,2023-06-18 01:49:36,yoshidayumiko@hotmail.com,F,29,1958/12/31,山形県
gz######,佐々木 里佳,2024-01-08 09:41:49,satomi20@yahoo.com,M,64,1972/10/23,群馬県
of######,佐藤 淳,2023-11-28 16:38:50,cokada@hotmail.com,F,18,1995/10/28,岐阜県
Vc######,岡本 晃,2022-03-27 07:54:17,ikedarei@tanaka.com,M,43,1996/11/23,奈良県
vM######,青木 浩,2024-01-03 12:31:59,wyamada@gmail.com,F,31,1955/10/24,山形県
gP######,鈴木 加奈,2022-12-23 14:54:18,naoto02@hotmail.com,F,55,1974/05/17,熊本県
xR######,加藤 香織,2022-11-04 08:36:50,akemi88@shimizu.jp,F,54,1947/12/09,兵庫県
Yl######,斉藤 智也,2023-06-20 12:47:42,shotamatsumoto@yamada.jp,M,79,1981/07/03,愛知県
qR######,前田 修平,2023-04-16 08:27:10,ktakahashi@yahoo.com,M,28,1979/11/26,愛知県
NF######,清水 充,2024-12-14 00:21:00,ryosuke95@okamoto.com,F,53,1971/04/29,茨城県
Ht######,清水 智也,2025-01-30 10:16:35,takahashiharuka@hotmail.com,M,30,1988/08/09,青森県
Mn######,岡本 直人,2022-09-27 20:48:46,takuma30@okada.com,M,60,1959/05/30,福島県
Ry######,加藤 美加子,2023-06-03 01:54:16,tsubasasuzuki@hotmail.com,M,20,1958/07/11,青森県
gM######,山口 淳,2024-11-07 02:16:06,yamadanaoto@kimura.jp,M,50,1960/12/18,山口県
dz######,太田 聡太郎,2023-04-22 17:28:08,mikako07@watanabe.com,M,23,1995/12/31,滋賀県
FR######,田中 太一,2024-08-03 08:16:51,maayawatanabe@yahoo.com,M,67,1957/09/29,大阪府
va######,福田 洋介,2023-11-24 07:51:55,yumiko67@hotmail.com,F,73,1983/03/04,愛知県
cG######,藤田 零,2024-04-25 06:09:11,takuma83@gmail.com,F,27,2003/04/03,茨城県
UW######,加藤 直子,2023-03-28 09:31:23,yasuhiro78@shimizu.com,M,22,1990/11/26,群馬県
Zc######,高橋 学,2023-09-14 18:47:47,satoryohei@goto.com,F,40,1996/05/11,群馬県
qY######,佐々木 修平,2023-03-15 08:52:34,tsubasayamazaki@sato.jp,F,27,1980/12/18,千葉県
DD######,木村 直樹,2023-04-08 13:52:12,takumakato@hotmail.com,F,61,1973/09/12,岡山県
pB######,鈴木 晃,2024-07-29 12:09:41,maayakondo@nakagawa.com,F,19,1952/02/04,神奈川県
mI######,太田 くみ子,2023-05-26 03:31:24,yamadakumiko@hotmail.com,M,30,1974/01/20,富山県
IV######,田中 陽子,2022-11-15 12:43:34,taichiyamashita@sakamoto.jp,F,57,1993/06/02,茨城県
xs######,青木 京助,2024-12-01 04:32:26,zyoshida@tanaka.jp,F,19,1993/07/12,福岡県
gJ######,山崎 里佳,2024-02-20 09:54:31,akirasasaki@shimizu.org,M,37,1962/07/15,福井県
wG######,加藤 加奈,2023-04-08 10:47:14,kyosuke08@hayashi.com,M,18,1975/10/26,鹿児島県
Kt######,山本 健一,2023-02-18 22:35:14,abeminoru@yahoo.com,F,54,2005/08/15,宮城県
Ey######,高橋 亮介,2022-12-16 11:44:21,miurakaori@kobayashi.org,F,26,1995/10/05,沖縄県
oa######,伊藤 充,2022-09-09 10:32:06,eyamazaki@nakamura.jp,F,34,1978/01/29,北海道
sv######,坂本 稔,2022-07-29 22:59:33,wyamazaki@yahoo.com,F,26,2002/04/26,青森県
sT######,吉田 七夏,2023-08-11 03:56:43,ttakahashi@miura.jp,F,28,2003/01/18,島根県
ax######,吉田 真綾,2023-04-29 07:16:33,msuzuki@yoshida.jp,F,32,1983/12/17,静岡県
At######,藤田 舞,2023-05-22 07:05:13,mituruhasegawa@hashimoto.jp,M,41,2007/02/08,石川県
sQ######,井上 花子,2024-02-16 21:42:52,naokomatsumoto@gmail.com,F,55,1982/05/17,山梨県
VK######,林 充,2022-04-22 20:46:31,manabuokada@hotmail.com,F,72,1985/08/06,沖縄県
Hm######,佐藤 美加子,2024-04-23 22:45:33,akemikondo@kondo.jp,M,52,1967/07/01,茨城県
aM######,佐藤 聡太郎,2022-08-10 22:21:25,sotaro91@gmail.com,M,47,1956/04/09,千葉県
VX######,鈴木 七夏,2024-08-13 22:54:08,knishimura@gmail.com,M,48,1957/01/10,神奈川県
hR######,佐々木 裕樹,2024-06-08 17:03:36,swatanabe@gmail.com,M,66,1979/04/25,広島県
Cz######,小林 真綾,2024-04-12 01:30:55,kondoshohei@takahashi.org,F,22,2000/03/22,大分県
fs######,坂本 あすか,2024-08-08 09:49:09,wtanaka@yahoo.com,F,79,1961/01/26,富山県
Gc######,渡辺 稔,2023-04-01 21:43:43,yuimiura@yahoo.com,F,77,1956/07/01,石川県
vQ######,井上 学,2023-04-23 17:57:06,hyamazaki@nakajima.jp,F,61,1963/11/21,福井県
zE######,坂本 陽一,2022-10-10 11:54:12,tanakayui@fujiwara.jp,F,67,1991/07/26,沖縄県
Wp######,高橋 七夏,2024-06-19 10:21:22,satoyoko@watanabe.com,F,31,2004/09/11,鳥取県
PN######,斎藤 さゆり,2024-02-16 01:14:20,shoheikato@hotmail.com,M,70,1971/06/22,三重県
er######,山本 結衣,2022-10-18 14:12:43,shoheinakagawa@yamamoto.com,F,73,1991/01/12,福岡県
Dr######,鈴木 康弘,2023-03-30 09:51:56,psuzuki@gmail.com,M,28,2005/10/15,福岡県
mO######,高橋 あすか,2022-11-05 15:13:22,kimurakana@suzuki.jp,M,26,1981/10/20,高知県
xQ######,池田 翔太,2022-06-24 17:53:21,endonanami@gmail.com,F,51,1993/04/05,新潟県
My######,田中 くみ子,2023-08-08 22:44:55,mnakamura@yahoo.com,M,29,1999/09/30,石川県
Qg######,田中 直子,2023-04-25 11:26:53,kaorihashimoto@hotmail.com,F,52,1950/02/04,青森県
lY######,森 直子,2023-10-24 01:03:44,naokotanaka@gmail.com,M,52,1987/02/15,新潟県
eL######,藤井 知実,2024-09-25 14:45:20,ksasaki@yahoo.com,F,18,1996/08/31,鹿児島県
bN######,中川 知実,2022-11-05 06:49:01,matsudamaaya@gmail.com,M,57,1962/11/07,茨城県
Jz######,鈴木 京助,2024-05-21 10:32:21,naokisuzuki@gmail.com,F,39,1998/10/04,愛媛県
cm######,西村 陽一,2022-07-11 10:17:49,matsumotokana@gmail.com,F,77,1998/05/22,福島県
Mx######,西村 翔太,2023-03-05 07:20:25,yasuhiro83@hotmail.com,F,46,1960/09/23,福島県
vy######,中川 聡太郎,2024-06-17 19:58:50,yuiaoki@kimura.com,F,25,1955/05/19,岩手県
Tu######,加藤 裕美子,2022-05-26 15:56:37,maiyamamoto@ishii.com,F,28,1994/09/14,徳島県
OA######,斎藤 稔,2023-10-14 05:45:39,yoichi51@yahoo.com,M,58,1980/11/01,栃木県
qG######,林 美加子,2024-10-06 01:05:10,naoko80@hotmail.com,M,54,1958/02/28,静岡県
dt######,青木 里佳,2022-07-20 22:49:37,nsaito@gmail.com,M,31,1967/07/07,福島県
NZ######,松本 里佳,2022-09-07 06:01:28,rtakahashi@kondo.jp,F,77,1963/01/16,千葉県
SM######,後藤 さゆり,2023-09-21 03:09:33,morimituru@abe.com,M,47,2001/07/12,高知県
Tl######,遠藤 桃子,2024-09-22 05:47:12,dfukuda@gmail.com,F,52,2001/05/08,奈良県
ez######,藤田 くみ子,2022-04-25 03:04:31,takahashitaichi@hotmail.com,F,38,2005/01/12,島根県
zP######,佐藤 明美,2023-12-07 03:47:54,cyamaguchi@gmail.com,M,54,1959/05/11,青森県
Tz######,山崎 太一,2024-07-18 02:13:51,takumasasaki@suzuki.net,M,22,1951/09/04,山形県
bG######,山本 康弘,2022-12-18 16:56:46,vfujii@hotmail.com,F,36,2005/03/27,徳島県
jz######,斎藤 香織,2024-11-09 08:35:56,wwatanabe@yahoo.com,M,76,1965/06/11,香川県
HL######,加藤 康弘,2024-09-18 06:00:16,tsubasa89@mori.com,F,31,1948/03/23,奈良県
hd######,小林 淳,2022-05-11 18:32:02,oikeda@hotmail.com,F,43,1982/01/15,宮崎県
ay######,鈴木 修平,2022-07-12 03:46:47,rika68@saito.org,F,79,1979/05/15,京都府
qw######,橋本 修平,2023-11-22 07:21:01,tarosuzuki@yahoo.com,F,21,1951/12/02,徳島県
wQ######,中島 くみ子,2023-03-16 01:52:58,shimizuyuta@hotmail.com,F,42,1960/02/09,富山県
Fr######,伊藤 美加子,2023-05-23 06:59:49,maedasatomi@yahoo.com,M,62,1975/08/26,栃木県
Ra######,木村 学,2023-03-08 11:12:18,inoueryosuke@yahoo.com,M,59,2006/03/13,山梨県
Nx######,村上 結衣,2023-08-22 02:22:34,maayakobayashi@yahoo.com,F,42,1970/01/28,福井県
uZ######,井上 直子,2022-04-23 09:40:56,tomoya05@hotmail.com,F,35,1973/11/01,新潟県
TQ######,近藤 直子,2023-04-21 00:58:37,matsumotoyosuke@ikeda.jp,M,57,1981/09/28,山口県
zd######,岡田 花子,2023-04-01 21:34:03,atanaka@hotmail.com,M,25,1984/08/19,三重県
rj######,斉藤 くみ子,2023-04-14 03:16:54,kaorinakamura@gmail.com,F,56,1989/04/28,三重県
Sd######,渡辺 真綾,2023-08-16 03:28:46,satomi15@yamaguchi.com,M,57,1969/09/17,静岡県
GI######,伊藤 桃子,2023-11-17 07:23:27,momoko21@gmail.com,F,31,1958/03/24,静岡県
Gt######,遠藤 花子,2024-09-21 10:05:51,nanami43@sasaki.net,M,49,1976/04/12,佐賀県
yN######,渡辺 翼,2024-04-05 17:21:22,ayoshida@hotmail.com,F,68,1951/09/23,山形県
xM######,佐藤 太一,2022-12-05 12:29:24,mituruhayashi@suzuki.com,M,78,1947/06/12,宮崎県
wi######,伊藤 裕樹,2023-08-07 10:12:22,yosukegoto@yahoo.com,F,55,1975/11/30,青森県
yA######,伊藤 洋介,2022-12-24 00:34:31,takumasaito@yahoo.com,M,50,1988/08/15,大分県
sY######,福田 英樹,2023-10-18 17:22:04,hanako12@hotmail.com,M,40,1957/12/15,静岡県
dw######,池田 健一,2025-02-11 20:30:51,saitomanabu@gmail.com,F,32,1972/07/13,三重県
YZ######,鈴木 春香,2022-06-09 19:15:05,yumikosato@gmail.com,M,50,1992/10/05,香川県
VH######,松田 翔太,2023-06-22 08:33:44,yamaguchiyoichi@yahoo.com,F,42,1989/03/13,岩手県
Va######,岡本 洋介,2023-10-10 07:48:50,mmori@hotmail.com,M,34,1967/06/07,福岡県
mm######,佐藤 聡太郎,2025-01-27 20:05:00,winoue@yamazaki.com,F,50,1973/03/31,茨城県
QP######,中川 稔,2024-02-17 20:18:33,yosukeinoue@murakami.com,M,64,1948/07/30,長崎県
fY######,田中 浩,2023-09-20 17:47:18,shayashi@hotmail.com,F,72,2003/06/27,長崎県
kY######,中川 修平,2024-06-11 09:04:13,satoyui@gmail.com,M,19,1996/02/29,栃木県
dT######,石井 和也,2023-04-26 00:51:21,atsushi74@yahoo.com,F,31,1977/06/06,宮崎県
DY######,佐藤 あすか,2023-06-04 07:28:44,nakamuratakuma@nakamura.com,M,70,1990/06/02,群馬県
GC######,高橋 桃子,2024-06-26 01:09:00,endomikako@hotmail.com,F,57,1956/01/17,奈良県
fW######,林 翼,2023-03-31 05:14:33,mituru42@kobayashi.com,F,57,1987/01/02,宮崎県
ul######,林 裕樹,2022-06-15 05:57:22,suzukiosamu@sato.jp,F,68,1969/09/14,静岡県
zN######,鈴木 真綾,2024-01-24 21:07:35,nanami81@yahoo.com,M,56,1951/07/02,長野県
Ua######,中村 里佳,2023-11-22 23:56:03,ryoheiokada@hashimoto.com,F,68,1996/03/27,沖縄県
km######,松田 里佳,2024-11-03 03:03:43,uito@kimura.com,M,23,1999/09/30,和歌山県
pj######,中村 結衣,2024-03-26 12:03:33,htakahashi@gmail.com,F,23,1991/10/16,秋田県
tg######,小川 七夏,2024-05-30 11:03:25,katoshota@hotmail.com,M,20,1965/12/26,熊本県
pl######,高橋 陽子,2023-06-05 14:39:23,ryosukewatanabe@fujita.org,F,24,1989/05/24,徳島県
EM######,小林 裕太,2023-03-19 09:59:33,atsushiito@takahashi.net,M,68,1979/09/11,熊本県
ah######,加藤 零,2023-09-19 23:47:31,tsubasa92@gmail.com,M,25,1987/08/20,佐賀県
fo######,森 真綾,2023-09-12 08:39:24,osamu40@yahoo.com,F,59,1998/09/28,奈良県
cz######,遠藤 直人,2024-02-14 07:45:40,nanami85@gmail.com,M,69,1994/04/22,沖縄県
OZ######,阿部 拓真,2022-09-15 03:33:20,kyosukeyamada@yamada.com,M,32,2003/01/19,大分県
KP######,中村 舞,2022-09-25 12:13:21,ryoheiyamamoto@gmail.com,F,64,1968/02/11,青森県
JX######,吉田 京助,2023-02-17 02:42:25,rei11@yahoo.com,M,46,2006/08/03,富山県
Su######,鈴木 康弘,2022-11-25 18:37:33,rikatakahashi@kobayashi.org,M,50,1973/09/08,山梨県
em######,福田 春香,2024-07-22 16:01:16,thasegawa@gmail.com,M,69,1981/03/31,沖縄県
oi######,岡田 春香,2024-05-13 13:27:07,itorei@gmail.com,F,47,1958/10/31,広島県
Sv######,中村 さゆり,2024-09-05 22:18:20,maedataro@goto.com,M,56,1944/07/15,徳島県
Vi######,井上 直樹,2024-11-07 03:44:54,kyosukehasegawa@kobayashi.com,F,44,1949/03/21,群馬県
Wn######,佐藤 美加子,2023-09-29 21:45:07,gsasaki@suzuki.com,M,53,1990/01/16,新潟県
hJ######,坂本 篤司,2023-10-08 02:51:35,fujiimai@takahashi.com,M,46,1988/06/18,山口県
DX######,高橋 陽子,2024-05-06 01:15:20,kumiko18@suzuki.com,M,55,2005/02/26,山形県
qc######,高橋 舞,2022-11-17 07:36:08,lsato@fujii.jp,F,74,1995/03/08,山梨県
TS######,山下 翼,2025-01-02 07:14:43,ryosukefukuda@yamashita.jp,M,50,1970/09/08,新潟県
zC######,山下 くみ子,2022-03-24 06:47:41,nakajimanaoto@fujii.com,M,78,1972/06/09,青森県
LX######,西村 健一,2022-03-28 14:08:38,reifujita@gmail.com,F,54,1961/10/17,福島県
Uk######,伊藤 智也,2024-12-16 21:30:33,otamiki@takahashi.jp,M,44,1960/10/19,和歌山県
wR######,田中 篤司,2024-05-03 09:52:46,kazuyashimizu@tanaka.jp,F,72,1994/10/16,静岡県
Gm######,高橋 加奈,2022-07-24 01:51:23,junsato@ikeda.jp,F,50,1988/05/23,奈良県
qA######,佐藤 裕美子,2022-06-13 01:32:33,rnakamura@gmail.com,M,79,1963/08/31,静岡県
he######,田中 直子,2024-10-14 09:10:57,minoru03@gmail.com,F,21,1997/04/09,山口県
wC######,加藤 あすか,2023-10-30 18:04:55,kazuya55@fujii.org,M,39,1954/12/08,埼玉県
nM######,坂本 稔,2022-10-06 08:06:15,takumatakahashi@gmail.com,F,19,1961/08/30,宮城県
xB######,佐藤 真綾,2023-08-15 16:51:08,onakamura@saito.com,F,27,1967/01/27,大分県
lZ######,中村 浩,2023-06-22 06:13:28,qfukuda@hotmail.com,M,22,1968/03/10,新潟県
VG######,岡田 裕太,2023-06-11 00:43:26,mtanaka@gmail.com,F,76,1990/09/01,京都府
tu######,鈴木 春香,2022-04-21 07:53:01,rmatsumoto@sato.com,F,27,1947/10/05,徳島県
yF######,斎藤 晃,2023-03-12 00:33:52,nanami59@yahoo.com,F,50,2004/06/10,宮崎県
jX######,岡本 太郎,2023-02-19 12:32:41,fnakamura@yamazaki.org,F,71,1950/05/25,鹿児島県
fO######,山田 洋介,2025-01-20 23:13:53,momokoinoue@hotmail.com,F,55,1954/05/18,岡山県
BG######,岡田 康弘,2023-07-14 13:27:01,hiroshi99@gmail.com,M,30,1995/11/15,山口県
jJ######,斎藤 治,2022-07-29 04:37:21,qsasaki@yahoo.com,F,48,1953/09/11,福井県
HU######,小川 春香,2023-04-24 17:45:59,ftakahashi@maeda.com,M,64,1947/12/20,岩手県
VE######,佐々木 加奈,2023-04-05 01:40:20,eyamada@gmail.com,F,53,1971/08/11,新潟県
no######,岡田 治,2024-10-04 01:10:18,unakamura@hotmail.com,M,62,1996/05/13,岩手県
FK######,中村 春香,2024-10-24 00:16:26,yumikookamoto@yahoo.com,M,41,1958/09/15,静岡県
uI######,阿部 零,2023-06-04 11:45:32,fabe@nishimura.net,F,69,1960/03/07,鹿児島県
Sf######,清水 直樹,2022-10-24 21:40:47,minoru18@gmail.com,F,73,1998/04/29,岩手県
vE######,林 直樹,2023-03-30 18:06:36,kobayashiryohei@yamashita.com,F,32,1980/10/29,青森県
Eb######,村上 香織,2022-04-10 08:23:51,ogawakyosuke@hotmail.com,M,46,1990/06/16,群馬県
AR######,松田 翼,2024-06-27 06:06:38,yamaguchitaichi@hotmail.com,F,25,1989/01/30,福島県
iq######,山田 陽一,2023-08-03 21:57:04,satomiito@yamada.com,M,22,1964/04/08,山形県
Xo######,加藤 知実,2024-08-18 00:04:48,yui76@hotmail.com,M,46,1945/10/22,福井県
Co######,岡本 花子,2022-04-18 05:55:06,naotosakamoto@yamada.com,M,64,1966/03/01,広島県
rZ######,吉田 さゆり,2022-08-27 13:48:09,kumikotakahashi@gmail.com,F,21,1950/07/24,長野県
Fq######,坂本 零,2023-02-26 08:03:48,yuinakamura@gmail.com,F,29,1961/12/13,愛媛県
dp######,山田 英樹,2023-04-18 20:06:59,rwatanabe@tanaka.com,M,62,1981/05/08,佐賀県
xc######,佐藤 拓真,2022-11-08 19:45:43,gmurakami@gmail.com,M,19,1945/01/04,高知県
mg######,中村 舞,2023-12-21 15:28:55,sshimizu@gmail.com,F,44,1997/07/05,徳島県
SH######,鈴木 裕太,2023-11-06 07:33:48,saitohiroshi@maeda.jp,M,48,1974/07/24,滋賀県
GE######,加藤 美加子,2023-02-27 10:13:05,jun02@gmail.com,F,68,1947/12/29,富山県
AO######,木村 裕美子,2023-09-04 12:49:40,ryohei50@yahoo.com,M,68,1997/04/14,佐賀県
iT######,鈴木 健一,2022-06-30 16:58:16,mai88@yahoo.com,F,53,1958/09/13,鹿児島県
iv######,林 充,2023-02-26 15:39:28,cyoshida@gmail.com,M,53,1976/02/06,鹿児島県
sP######,鈴木 花子,2023-09-29 03:49:01,inouekumiko@sato.com,F,43,1977/05/12,愛知県
Ik######,佐藤 健一,2023-09-26 16:23:01,takumaito@nakamura.jp,M,60,1965/09/24,愛知県
Cr######,田中 翔太,2024-11-03 04:45:00,yosuke47@yoshida.org,F,44,1951/12/12,秋田県
qW######,山田 充,2023-08-13 09:10:15,yokokobayashi@gmail.com,F,22,1962/05/24,香川県
qo######,伊藤 晃,2023-03-11 09:15:25,yamaguchihideki@inoue.jp,M,37,1975/12/25,長崎県
Lj######,松本 聡太郎,2023-11-23 20:49:17,ikedayasuhiro@yahoo.com,M,28,1970/02/15,大分県
cL######,松本 洋介,2023-05-11 08:01:43,kanasakamoto@yahoo.com,F,79,1968/06/22,富山県
hj######,池田 美加子,2022-08-04 04:41:22,akiraokada@kobayashi.com,M,27,1969/07/29,鳥取県
Ao######,山本 聡太郎,2023-11-26 02:13:48,qsaito@yoshida.com,F,57,1990/01/05,長野県
Gi######,藤原 拓真,2024-12-14 14:55:47,takuma34@ikeda.org,M,55,1987/09/06,長野県
KM######,池田 聡太郎,2025-03-02 07:46:59,naoki65@yamada.jp,F,23,2003/03/06,山口県
PX######,清水 浩,2023-03-04 06:02:12,chiyotanaka@yahoo.com,F,25,1981/12/29,栃木県
gm######,中村 修平,2024-12-29 22:05:35,momokohashimoto@yamaguchi.com,F,40,1990/07/22,岡山県
jR######,山本 あすか,2024-05-13 02:32:17,fyamamoto@sato.net,F,64,1973/10/01,鳥取県
Of######,山本 里佳,2024-01-05 23:03:52,byamaguchi@nakagawa.org,F,43,1967/10/07,大分県
MT######,西村 修平,2022-05-26 15:36:55,manabunakamura@tanaka.jp,F,63,1998/07/26,滋賀県
aL######,林 幹,2022-08-23 23:01:14,abeyui@yahoo.com,M,60,1979/03/02,福島県
BK######,伊藤 聡太郎,2024-06-15 07:03:17,ffujita@yamaguchi.jp,M,29,1992/11/13,青森県
xN######,長谷川 直人,2022-12-23 17:05:56,yosukeinoue@yahoo.com,M,43,1957/04/17,滋賀県
xC######,佐々木 結衣,2023-06-06 10:03:39,ishikawatsubasa@gmail.com,F,30,1964/03/29,石川県
vk######,後藤 拓真,2024-09-29 01:05:16,haruka84@murakami.com,F,57,1979/02/11,高知県
pd######,清水 晃,2023-04-05 18:47:50,ttakahashi@gmail.com,F,79,1982/03/11,神奈川県
Bd######,阿部 洋介,2022-07-15 21:18:34,junaoki@sato.com,F,35,1969/07/21,奈良県
FT######,鈴木 稔,2024-10-27 04:55:16,satonanami@hotmail.com,M,42,1957/04/12,栃木県
tR######,山口 くみ子,2024-06-27 12:48:11,endoyoichi@nakajima.org,M,50,1960/02/09,兵庫県
qQ######,佐藤 明美,2022-11-04 21:50:28,lgoto@ito.jp,F,64,1988/03/15,三重県
je######,橋本 稔,2024-02-04 15:33:46,ogawasayuri@gmail.com,M,57,1965/09/23,広島県
BW######,田中 拓真,2023-10-18 00:57:03,vsato@matsumoto.com,M,77,1963/05/09,兵庫県
ej######,井上 結衣,2023-10-25 22:56:54,syamada@suzuki.jp,F,60,2007/02/16,高知県
vu######,佐藤 洋介,2025-02-22 03:09:19,itoharuka@hotmail.com,M,29,1967/07/25,兵庫県
uf######,鈴木 拓真,2024-07-15 12:25:49,kimurakyosuke@yahoo.com,F,61,1949/02/09,大阪府
RP######,斎藤 直子,2023-05-31 23:07:43,maaya52@gmail.com,M,53,1979/03/31,三重県
Dv######,清水 亮介,2024-09-29 08:24:26,yasuhiro43@yahoo.com,F,65,1994/02/25,奈良県
ev######,渡辺 京助,2024-05-13 23:59:10,oyamamoto@yamaguchi.net,F,21,1945/09/11,福井県
ei######,中村 英樹,2023-12-31 13:03:53,tanakakyosuke@yamada.jp,F,22,1950/07/23,福岡県
zF######,岡本 翔太,2022-04-01 06:24:00,nanami33@yahoo.com,F,73,2006/11/23,香川県
IN######,鈴木 裕美子,2022-06-21 06:14:07,hidekitakahashi@hotmail.com,M,54,2004/04/14,広島県
rP######,中村 直樹,2022-07-29 18:41:05,yasuhiroogawa@yahoo.com,F,25,1947/05/01,茨城県
uj######,吉田 翔太,2024-12-04 23:21:47,yamamotoyoichi@hotmail.com,F,59,1967/04/16,熊本県
Zz######,阿部 美加子,2023-02-15 20:45:32,lkato@okada.jp,F,66,1978/04/09,山形県
LN######,小林 花子,2022-07-07 13:18:41,akemiabe@ikeda.org,M,45,1990/03/21,京都府
rS######,渡辺 真綾,2024-02-15 16:15:30,rtakahashi@yamada.jp,F,48,1976/06/07,富山県
Ai######,山本 陽子,2023-06-08 11:14:47,harukasasaki@gmail.com,M,75,2002/11/17,栃木県
CR######,高橋 学,2024-06-25 20:39:31,shotahayashi@yahoo.com,F,26,1954/03/09,石川県
jO######,吉田 桃子,2023-11-21 11:41:02,minoruinoue@sato.org,M,71,1981/04/16,栃木県
SZ######,田中 学,2023-05-09 05:15:56,chasegawa@kobayashi.com,M,68,1954/04/11,東京都
bD######,坂本 太一,2025-01-17 11:12:07,kenichi41@ito.jp,F,46,1978/04/24,茨城県
rs######,中村 淳,2024-10-02 14:47:36,naotowatanabe@gmail.com,M,31,1996/08/05,兵庫県
EI######,佐藤 英樹,2024-12-20 00:22:10,satotaro@gmail.com,F,57,1967/08/04,神奈川県
Ll######,鈴木 陽子,2022-10-07 21:20:50,ntakahashi@mori.com,F,58,1966/07/16,北海道
nz######,田中 健一,2025-02-02 08:23:13,fujiwarajun@gmail.com,F,39,1988/03/01,鹿児島県
lh######,佐藤 里佳,2022-08-19 22:57:20,iendo@hotmail.com,M,28,1985/09/13,北海道
CT######,山本 さゆり,2022-10-25 08:50:16,miki08@watanabe.com,M,40,1959/10/08,静岡県
OX######,鈴木 稔,2023-05-25 10:55:15,kaoriyamada@shimizu.jp,F,18,1990/02/15,秋田県
ub######,太田 修平,2024-08-17 16:25:11,utanaka@hotmail.com,F,63,1970/08/10,徳島県
xD######,小林 千代,2024-01-27 17:41:42,ikedataichi@gmail.com,M,54,1961/09/26,島根県
Bi######,藤原 裕太,2024-07-16 11:06:21,momoko10@yahoo.com,F,38,1961/03/08,大阪府
MJ######,鈴木 亮介,2022-03-15 17:50:27,byoshida@hotmail.com,F,43,1975/05/10,福島県
MG######,太田 幹,2023-11-28 00:24:46,mikako14@sakamoto.jp,F,63,1951/10/16,山口県
rW######,池田 加奈,2022-05-26 02:05:36,rikaabe@okamoto.jp,M,53,1953/03/15,青森県
xe######,加藤 涼平,2022-07-04 15:31:45,dsato@suzuki.jp,M,71,1983/01/26,広島県
Nt######,斎藤 淳,2024-10-15 11:25:23,vtanaka@yahoo.com,M,40,1948/05/15,京都府
cV######,橋本 康弘,2024-12-09 08:07:52,maayaito@hotmail.com,F,74,1957/06/15,熊本県
nF######,井上 淳,2023-01-08 02:23:16,saitotomoya@yahoo.com,F,18,1952/03/08,徳島県
Ld######,山本 篤司,2025-03-01 07:16:50,kaori93@goto.net,F,71,1985/11/23,鳥取県
kK######,坂本 さゆり,2022-12-06 23:42:25,akemi90@yahoo.com,M,72,1956/08/04,鹿児島県
vi######,高橋 花子,2023-03-22 23:30:33,tanakaryohei@hotmail.com,F,68,2000/07/02,鳥取県
zk######,佐藤 修平,2024-12-11 17:39:09,utanaka@hotmail.com,F,57,1997/09/16,滋賀県
Zx######,中村 治,2023-02-25 03:01:05,yoichi17@suzuki.org,F,32,1990/12/19,青森県
xZ######,鈴木 陽子,2023-05-15 19:03:59,msakamoto@maeda.net,F,38,1960/08/21,佐賀県
zg######,中村 洋介,2025-01-16 16:34:25,atakahashi@yahoo.com,M,64,1957/02/25,福岡県
bd######,井上 明美,2023-03-13 23:54:27,sogawa@hotmail.com,M,26,1963/10/20,三重県
yw######,井上 修平,2024-03-14 06:01:48,yamamotojun@gmail.com,F,70,1998/01/15,鹿児島県
NG######,高橋 裕樹,2023-08-15 23:24:30,qhashimoto@yamaguchi.com,M,26,1949/03/04,沖縄県
LA######,小林 涼平,2022-07-12 05:48:39,mikakoogawa@takahashi.com,M,27,1976/07/14,奈良県
IK######,三浦 英樹,2023-07-02 18:11:11,akira64@kobayashi.com,F,69,1982/07/07,東京都
NI######,池田 知実,2023-08-04 14:16:30,hanakoyamada@kato.jp,F,74,1964/11/18,岩手県
Gw######,渡辺 英樹,2024-09-01 09:04:27,murakamitomoya@endo.com,M,70,1981/10/25,京都府
wq######,清水 篤司,2023-11-09 05:51:57,watanaberika@gmail.com,F,43,1984/03/30,滋賀県
kO######,加藤 翼,2025-01-28 15:56:43,mikakoogawa@hotmail.com,M,58,1973/11/04,山梨県
SI######,石井 美加子,2023-02-07 02:25:53,chiyo39@sato.org,F,52,1962/11/26,高知県
tF######,木村 千代,2022-05-14 06:21:43,pnakajima@yahoo.com,M,69,1944/04/18,島根県
Ic######,高橋 聡太郎,2025-02-05 09:37:04,gsaito@yahoo.com,F,42,1978/05/28,三重県
Ur######,田中 拓真,2023-12-08 18:25:42,sasakikenichi@yahoo.com,M,43,1952/04/25,滋賀県
bS######,池田 幹,2024-10-14 17:03:25,kazuyasato@yahoo.com,M,28,1990/06/21,静岡県
sr######,福田 千代,2022-09-23 20:22:06,katohanako@yahoo.com,M,55,1998/11/20,奈良県
vC######,藤原 英樹,2024-05-03 13:21:22,akemiishii@inoue.com,F,19,1955/07/29,茨城県
oG######,吉田 裕太,2022-10-06 03:00:19,ikobayashi@hotmail.com,M,24,1991/09/10,東京都
Xr######,田中 太郎,2023-09-17 08:28:22,nanamiokamoto@inoue.org,M,35,1946/02/11,山梨県
zc######,村上 涼平,2024-09-10 11:40:14,shoheisato@gmail.com,F,44,1967/06/07,福岡県
cf######,小川 春香,2024-02-12 07:49:53,hidekitanaka@watanabe.jp,F,51,1945/12/05,富山県
qN######,前田 涼平,2022-10-29 03:44:30,kenichitanaka@kondo.com,M,44,2006/04/30,神奈川県
Jt######,中村 加奈,2024-04-25 01:25:02,hidekiinoue@nakamura.jp,M,34,1951/09/27,福岡県
yp######,吉田 智也,2024-05-20 16:06:43,kyosukewatanabe@yahoo.com,F,60,2002/03/24,山梨県
kC######,佐々木 太郎,2023-01-24 03:56:05,satoyuta@gmail.com,F,76,1996/11/16,富山県
rr######,中島 結衣,2022-08-19 05:58:27,yukikato@yahoo.com,F,61,1959/12/14,青森県
UH######,山田 太郎,2024-09-16 22:58:00,ishikawataichi@hotmail.com,F,76,1996/05/24,栃木県
Ky######,吉田 美加子,2024-01-07 09:52:49,tanakayui@hotmail.com,F,68,1961/11/27,鳥取県
YF######,山口 直人,2023-05-21 05:58:28,naoto59@maeda.com,M,71,2000/04/30,広島県
fF######,佐藤 晃,2022-09-20 10:59:31,maayayamaguchi@yamashita.org,F,41,1957/01/28,山口県
bX######,太田 春香,2024-07-10 00:14:13,nanamishimizu@yahoo.com,M,42,2004/02/07,岐阜県
Zi######,佐々木 七夏,2023-11-06 11:30:03,ikimura@hotmail.com,M,24,1993/12/21,沖縄県
nK######,木村 真綾,2024-01-05 16:09:49,yamamotosatomi@yahoo.com,M,69,1992/12/29,岡山県
yV######,加藤 裕美子,2023-03-20 14:03:55,ikedakazuya@gmail.com,F,23,2005/02/25,岐阜県
bo######,長谷川 裕美子,2023-10-01 22:45:37,mai88@yamamoto.net,M,70,1984/08/04,広島県
vU######,鈴木 千代,2022-05-25 22:13:32,sayuri35@yahoo.com,M,41,1947/10/05,岡山県
js######,森 直樹,2023-12-09 02:17:58,nakagawatomoya@hotmail.com,F,50,1974/10/13,高知県
ld######,伊藤 明美,2022-08-10 06:46:18,tomoyashimizu@yahoo.com,M,66,2006/08/18,富山県
Vu######,石井 陽子,2023-04-16 23:38:43,kondojun@kobayashi.org,M,46,1945/11/11,和歌山県
xy######,福田 治,2023-08-25 05:03:24,asuka05@hotmail.com,F,60,1961/07/16,高知県
Ed######,井上 洋介,2024-04-12 05:33:05,byamazaki@hotmail.com,M,39,1954/01/20,鹿児島県
pz######,藤井 千代,2024-04-25 12:12:54,kimurayuta@hotmail.com,M,43,1959/10/17,鹿児島県
lr######,佐々木 花子,2023-03-29 23:19:46,minoruyamazaki@yamaguchi.jp,M,45,1965/11/14,岐阜県
SO######,渡辺 拓真,2024-07-15 06:30:54,kazuya74@gmail.com,F,67,2003/05/24,東京都
yj######,田中 千代,2024-09-22 20:21:12,yokohasegawa@gmail.com,F,38,1994/12/21,石川県
mi######,田中 陽一,2022-11-06 23:38:17,minoru09@gmail.com,F,66,1975/11/06,三重県
nn######,石川 洋介,2024-07-27 13:46:05,minoru32@kato.jp,M,24,1970/04/25,栃木県
kR######,山口 真綾,2022-04-14 00:19:29,ikedachiyo@yamazaki.jp,M,34,2006/02/15,長崎県
ft######,山本 幹,2024-06-08 11:19:57,taro68@kobayashi.jp,F,37,1958/07/18,福岡県
Zn######,伊藤 零,2023-12-08 17:34:07,kimurahanako@maeda.org,M,58,1945/08/21,宮崎県
sE######,岡田 和也,2023-06-11 08:45:46,fsato@gmail.com,M,66,1981/09/06,沖縄県
AW######,佐藤 太郎,2022-06-20 04:09:22,rika36@sato.jp,F,37,1988/02/17,島根県
Oe######,山本 淳,2022-05-21 13:00:34,shoheimiura@kobayashi.com,F,71,1957/07/14,青森県
ZH######,石川 知実,2023-09-06 02:46:00,lwatanabe@kobayashi.com,M,39,1992/01/25,長崎県
Cj######,岡田 加奈,2024-07-13 11:53:08,maaya86@gmail.com,M,45,1982/07/26,栃木県
Dn######,坂本 晃,2023-09-12 03:14:39,gaoki@kimura.com,M,78,1999/02/28,鹿児島県
wh######,鈴木 裕樹,2023-07-05 21:12:34,suzukihiroshi@hotmail.com,F,57,1975/05/22,愛媛県
pV######,中島 翔太,2024-06-20 06:26:57,asuka93@hotmail.com,F,66,1994/06/30,青森県
ue######,近藤 里佳,2022-10-21 22:56:03,wnishimura@yahoo.com,F,24,2004/03/08,京都府
ae######,鈴木 春香,2023-11-03 13:50:33,mikiyamaguchi@matsuda.com,F,18,1976/03/05,静岡県
Oa######,斎藤 知実,2022-08-12 10:12:14,kazuyayoshida@yahoo.com,M,49,1954/02/17,秋田県
gp######,小林 智也,2025-02-04 12:33:19,vnishimura@gmail.com,F,30,1977/10/26,大分県
NE######,中島 拓真,2024-03-20 14:27:14,fujiinaoki@fujiwara.jp,F,47,1970/10/04,宮崎県
zv######,田中 真綾,2022-08-09 03:06:33,fujitayoko@gmail.com,F,40,2001/02/03,佐賀県
qp######,藤原 英樹,2023-08-16 06:26:37,ishiiosamu@matsuda.com,F,68,2001/10/24,山梨県
lu######,佐藤 くみ子,2024-12-17 02:23:44,yamadaryosuke@hotmail.com,F,76,1983/07/12,福井県
QC######,佐藤 明美,2022-11-09 14:47:56,uikeda@fujii.com,M,73,1981/08/30,秋田県
AC######,鈴木 桃子,2023-04-04 03:16:11,osato@sato.com,M,36,1946/01/05,千葉県
Dk######,佐藤 明美,2024-04-06 12:55:11,gsakamoto@ito.org,F,79,1997/11/02,京都府
qH######,吉田 くみ子,2022-06-25 21:51:24,yuta89@gmail.com,M,49,1944/10/31,宮崎県
wg######,藤原 くみ子,2023-07-21 23:36:58,rika27@takahashi.com,F,47,1993/05/14,熊本県
sF######,佐々木 桃子,2025-02-21 18:17:51,jyamazaki@hotmail.com,F,46,1994/09/18,千葉県
se######,渡辺 亮介,2022-05-01 15:56:07,tsasaki@hotmail.com,M,66,1988/03/16,秋田県
Or######,中島 浩,2023-02-05 03:09:57,momokomori@yahoo.com,M,62,1947/09/07,長崎県
Fw######,藤井 淳,2025-02-21 20:30:15,takumamori@nakamura.com,F,46,1998/01/29,佐賀県
KE######,石川 浩,2022-07-12 07:29:24,wnakamura@hotmail.com,F,47,1955/07/31,茨城県
Ap######,中島 直樹,2024-03-20 12:21:23,itomaaya@hotmail.com,F,33,1992/01/26,三重県
zX######,福田 拓真,2023-02-10 22:45:47,ehashimoto@gmail.com,M,57,1959/05/20,長野県
MB######,田中 香織,2023-04-17 15:47:55,fnakamura@gmail.com,F,36,1979/04/25,北海道
kP######,加藤 直子,2023-11-15 04:30:49,fikeda@nakajima.com,F,35,1986/06/28,熊本県
tb######,伊藤 あすか,2024-06-03 18:27:37,yasuhiroishii@yahoo.com,F,18,1996/11/16,宮城県
Gu######,佐藤 亮介,2024-03-27 00:09:45,chiyo37@yamamoto.com,M,31,1981/04/15,奈良県
vF######,吉田 康弘,2023-05-06 20:47:31,shota14@watanabe.com,F,68,1956/12/26,大分県
ds######,高橋 香織,2024-11-21 19:52:46,ymatsumoto@hotmail.com,F,64,1953/06/30,鳥取県
DS######,渡辺 裕樹,2024-03-15 08:46:18,tishii@hayashi.jp,M,67,1991/01/24,神奈川県
hG######,高橋 加奈,2022-12-26 00:07:53,naokosaito@gmail.com,F,19,2006/02/18,山形県
Ny######,長谷川 あすか,2022-04-07 23:02:39,kyosuke91@yahoo.com,F,71,1952/10/03,高知県
vm######,佐藤 さゆり,2023-10-27 09:33:17,maedaakemi@shimizu.jp,M,45,1971/09/08,熊本県
Rd######,藤井 晃,2024-02-20 11:31:18,mikako90@yahoo.com,F,66,2006/04/17,沖縄県
Hc######,近藤 里佳,2024-10-04 14:02:42,itoyosuke@fukuda.jp,M,67,1994/04/15,大分県
VS######,小林 陽一,2024-11-28 19:47:06,jtakahashi@hotmail.com,M,47,1977/06/23,宮崎県
IG######,鈴木 くみ子,2024-02-10 05:32:10,shimizusotaro@hotmail.com,F,55,1969/11/19,石川県
Wl######,山本 充,2023-11-22 15:03:42,shashimoto@nishimura.org,F,68,1990/03/29,千葉県
qf######,田中 幹,2024-06-03 11:08:10,sakamotomaaya@hotmail.com,F,21,1968/08/18,大分県
DF######,佐藤 太郎,2024-11-02 18:50:47,rsuzuki@yamashita.com,F,18,1956/06/27,広島県
yc######,斎藤 直子,2022-08-07 06:03:59,dnishimura@fujita.org,M,25,1950/10/20,福井県
Qz######,三浦 健一,2022-08-06 12:41:58,satomomoko@okada.net,F,46,1987/03/22,愛知県
oP######,鈴木 洋介,2023-05-29 10:08:15,naoto49@suzuki.com,M,72,1944/07/17,愛媛県
bU######,鈴木 健一,2025-01-06 23:00:00,fujiihideki@yahoo.com,F,56,2000/02/28,千葉県
qK######,長谷川 翼,2022-08-02 02:18:42,yamamotoyuki@yahoo.com,F,20,1946/12/08,宮城県
Pn######,高橋 くみ子,2023-11-17 12:56:43,hashimotoyumiko@yahoo.com,F,49,1998/06/10,福岡県
VL######,小川 直子,2022-07-02 02:35:13,matsudasayuri@suzuki.jp,M,27,1978/03/24,山口県
ns######,佐々木 智也,2024-04-23 08:26:17,manabu86@yahoo.com,F,27,1994/06/08,長崎県
Sc######,加藤 春香,2023-12-14 02:38:59,nmatsuda@gmail.com,F,36,1971/03/04,香川県
Ej######,松田 翼,2023-04-04 16:02:47,mikakoyamamoto@tanaka.jp,F,63,1998/05/09,三重県
rh######,高橋 太一,2023-01-15 13:49:20,shoheihashimoto@takahashi.jp,F,51,1953/10/11,神奈川県
aT######,加藤 さゆり,2023-10-04 03:49:35,kenichi54@gmail.com,M,77,1962/06/14,大阪府
VF######,山本 舞,2023-02-14 22:29:28,reitakahashi@nakamura.jp,F,50,1965/08/25,北海道
yi######,森 太郎,2024-04-25 17:10:48,tyamada@takahashi.org,M,40,1953/03/27,群馬県
hz######,石川 裕美子,2023-05-25 01:02:25,sayuriito@yamamoto.net,M,72,1995/07/25,山口県
FA######,森 和也,2022-11-15 04:54:55,kkato@matsumoto.com,M,45,1957/04/18,宮崎県
yW######,中村 桃子,2024-04-25 20:09:03,yosuke88@hotmail.com,M,49,1960/09/30,香川県
Ac######,斉藤 裕太,2022-08-17 09:42:56,miki85@matsumoto.com,M,67,1952/04/29,岩手県
PI######,伊藤 智也,2023-10-27 09:42:50,sayurisakamoto@hotmail.com,M,24,2004/05/22,沖縄県
tQ######,斎藤 舞,2024-05-15 14:01:19,vokamoto@yoshida.org,F,46,1963/04/01,青森県
sq######,山本 直樹,2023-09-19 06:26:50,wyamamoto@goto.net,M,25,1985/03/19,香川県
XE######,山口 治,2023-10-08 13:22:13,yoichi37@fukuda.jp,M,18,1966/06/28,石川県
aH######,吉田 太一,2024-12-02 05:38:20,ryohei81@yahoo.com,M,74,1964/06/07,鹿児島県
nB######,佐藤 裕太,2023-10-29 12:51:50,xishikawa@nakamura.org,F,72,1950/09/07,大分県
nR######,中川 晃,2023-12-31 12:21:31,hinoue@yamashita.jp,F,20,1971/11/01,石川県
eA######,林 七夏,2024-05-13 01:02:37,jsasaki@hayashi.com,M,41,1945/10/17,奈良県
cg######,斎藤 舞,2023-08-15 15:34:16,yuta63@yamamoto.jp,F,40,1980/09/18,神奈川県
id######,高橋 亮介,2024-07-18 01:12:46,pito@kondo.com,M,76,1986/04/02,香川県
QJ######,佐々木 さゆり,2024-07-18 14:40:08,fukudaryosuke@hotmail.com,M,78,1994/04/30,熊本県
xG######,鈴木 淳,2024-06-01 09:01:04,mituruyamamoto@sato.com,F,25,1986/09/14,秋田県
EH######,田中 拓真,2024-11-13 10:36:00,shotayamazaki@ito.jp,M,71,1965/07/28,栃木県
Fl######,石井 聡太郎,2024-12-10 16:32:14,itosotaro@hotmail.com,F,74,1949/06/08,岡山県
Yr######,渡辺 花子,2024-12-09 15:23:19,saitorika@sato.jp,F,64,1978/05/10,静岡県
Vb######,山本 知実,2022-09-10 13:50:15,xtakahashi@hotmail.com,M,54,1979/11/23,群馬県
Ij######,山口 桃子,2022-04-07 04:47:24,mkimura@yahoo.com,M,20,1952/07/04,富山県
Mu######,渡辺 淳,2024-08-17 03:12:32,dfujita@matsumoto.jp,F,68,1980/04/27,北海道
Ib######,森 直人,2023-04-25 08:32:23,yamamotomituru@matsumoto.net,M,50,2000/02/26,佐賀県
GM######,石川 結衣,2023-03-12 05:34:29,yuinakajima@ogawa.com,M,45,1950/08/13,奈良県
Na######,岡本 裕樹,2024-12-23 06:07:29,cwatanabe@nakamura.net,M,64,2003/01/23,長野県
xd######,渡辺 香織,2023-06-04 14:45:03,nakamuraminoru@gmail.com,F,25,1956/09/26,山形県
In######,鈴木 里佳,2023-07-21 07:02:35,mmatsumoto@hotmail.com,F,51,2001/03/29,岡山県
JQ######,山下 直樹,2025-03-06 16:53:14,hidekitanaka@fukuda.net,M,52,1988/04/07,愛知県
Fk######,山崎 直人,2023-01-24 10:18:38,yyamada@yahoo.com,F,49,1945/10/26,長野県
kN######,加藤 英樹,2024-03-30 03:28:30,hashimotomaaya@kimura.jp,F,41,1962/12/01,静岡県
gC######,坂本 充,2023-04-17 23:02:59,nanami60@yoshida.jp,F,31,1996/07/21,新潟県
gf######,小林 春香,2022-11-12 19:11:14,shimizusotaro@hotmail.com,F,49,1954/10/14,大阪府
ap######,加藤 稔,2022-07-17 17:54:46,nakajimayoichi@ishii.jp,F,73,1964/03/30,埼玉県
bH######,佐々木 淳,2023-06-21 18:48:09,hideki01@yahoo.com,M,63,1997/10/01,和歌山県
ED######,松田 京助,2025-01-31 08:40:51,harukaokamoto@matsumoto.com,M,60,1968/03/31,埼玉県
NC######,斎藤 裕樹,2024-04-08 20:15:30,ysaito@gmail.com,M,33,1970/11/19,島根県
SB######,石井 加奈,2024-04-05 11:54:52,satomi76@fujii.org,F,21,1951/03/12,大阪府
ZP######,中村 春香,2023-03-18 17:18:28,manabu65@gmail.com,F,69,1978/02/27,福島県
qV######,高橋 直樹,2023-04-13 01:33:49,satokenichi@tanaka.com,M,54,1950/02/11,鹿児島県
eF######,松田 舞,2024-07-30 12:08:31,ayamazaki@gmail.com,F,71,1955/07/19,広島県
lj######,斉藤 明美,2022-11-12 11:18:40,yasuhiro75@yahoo.com,M,38,1966/02/11,長崎県
eP######,中川 結衣,2023-01-24 14:47:34,smori@kobayashi.jp,M,31,1985/06/20,山形県
ra######,田中 七夏,2023-10-21 03:42:22,yoichi83@yahoo.com,M,48,1974/02/27,石川県
lf######,佐々木 治,2025-01-16 08:01:32,itokenichi@yahoo.com,F,72,1985/02/04,山形県
KG######,山下 陽一,2022-07-20 15:55:21,rsaito@hashimoto.com,F,65,1997/04/10,佐賀県
Ie######,阿部 結衣,2022-06-09 13:09:25,rika99@takahashi.jp,M,35,1994/10/09,和歌山県
oX######,山崎 和也,2022-07-20 15:22:01,maayatanaka@kimura.jp,M,24,2000/04/29,兵庫県
Hu######,山本 舞,2023-03-22 17:38:41,miki84@kimura.com,M,27,1946/06/22,滋賀県
Zk######,斎藤 健一,2024-10-09 06:21:46,yamaguchiyasuhiro@yahoo.com,M,24,1952/12/01,長野県
Lh######,橋本 学,2022-10-05 00:26:39,tomoyamori@hotmail.com,F,50,1956/07/26,神奈川県
AX######,吉田 知実,2024-09-21 07:10:19,jun65@yahoo.com,F,40,1952/07/16,千葉県
nj######,山口 千代,2024-04-11 19:14:20,iyamamoto@yamazaki.jp,M,38,1945/10/10,福島県
NP######,渡辺 学,2023-02-27 09:45:42,wito@yoshida.jp,M,36,1991/07/26,石川県
xp######,高橋 花子,2023-10-28 19:01:28,oikeda@yamazaki.org,F,65,1999/10/12,神奈川県
Jp######,中村 亮介,2022-06-04 04:03:45,ihashimoto@hotmail.com,F,78,1959/07/01,秋田県
Pi######,西村 香織,2022-06-18 05:52:46,junkato@hotmail.com,M,36,2006/05/28,富山県
OM######,吉田 稔,2024-10-22 21:34:06,asukafujita@shimizu.com,M,53,1963/02/02,秋田県
BY######,伊藤 春香,2024-01-04 00:27:41,csato@yahoo.com,M,46,1987/06/24,富山県
Fu######,伊藤 京助,2023-11-01 12:22:45,aogawa@gmail.com,F,77,1946/05/09,岐阜県
Pj######,山口 充,2024-05-06 14:24:59,kimurataichi@kimura.jp,F,35,1980/03/29,山口県
NB######,木村 舞,2022-09-23 13:41:07,atsushi87@gmail.com,F,19,1996/12/10,鳥取県
Iq######,鈴木 篤司,2022-06-18 19:59:03,mituru35@gmail.com,M,18,1959/10/08,広島県
qt######,村上 和也,2024-10-26 00:47:10,satomi69@yahoo.com,M,64,1978/05/31,三重県
cI######,高橋 春香,2023-10-19 08:16:36,taichi65@gmail.com,F,22,2006/08/08,滋賀県
NH######,森 あすか,2024-10-12 06:40:36,kazuyamori@yamashita.jp,F,37,1962/03/17,千葉県
kb######,渡辺 陽一,2022-03-16 00:03:25,naoto78@gmail.com,M,28,1996/09/24,岩手県
FD######,坂本 舞,2024-09-20 19:30:36,yoko28@sasaki.jp,F,59,1968/01/18,長崎県
HF######,井上 桃子,2022-03-15 21:16:57,ikedahanako@yamashita.jp,F,19,1953/06/01,和歌山県
fN######,佐々木 さゆり,2024-02-25 17:54:35,kanasato@hotmail.com,M,20,1986/04/11,三重県
Km######,藤井 里佳,2023-08-12 21:45:15,csuzuki@gmail.com,F,40,1970/08/26,佐賀県
ca######,斎藤 涼平,2024-12-20 11:33:29,naokokobayashi@yahoo.com,M,72,1996/09/12,岩手県
Nh######,森 知実,2023-06-02 23:29:43,nakajimachiyo@kato.jp,M,29,1970/12/17,埼玉県
hl######,藤原 知実,2024-03-22 16:35:45,isuzuki@abe.jp,M,37,1947/11/07,徳島県
To######,前田 太郎,2024-03-22 00:06:02,sotarotakahashi@ikeda.jp,M,22,1962/11/15,秋田県
Zu######,佐藤 里佳,2024-11-19 10:43:09,tsuzuki@hotmail.com,M,54,1985/06/23,山形県
LT######,井上 亮介,2025-02-17 10:58:51,mikakoogawa@hotmail.com,M,55,1976/11/14,広島県
dj######,田中 修平,2024-12-19 23:03:03,yoshidaatsushi@gmail.com,M,47,2002/03/02,秋田県
QS######,加藤 稔,2023-09-23 17:59:53,yumikosakamoto@suzuki.net,F,26,1969/12/16,群馬県
EL######,田中 明美,2024-04-02 15:36:44,wtanaka@watanabe.net,M,51,1997/05/31,岩手県
kT######,伊藤 英樹,2022-11-20 04:07:47,qikeda@yahoo.com,M,70,1949/12/30,北海道
LV######,井上 陽一,2022-11-09 20:49:41,esuzuki@tanaka.org,F,61,1980/09/16,栃木県
mY######,田中 充,2023-08-31 12:06:20,tanakaatsushi@okada.jp,F,52,1970/01/25,埼玉県
Wb######,後藤 春香,2023-01-14 01:37:42,kaoriishii@gmail.com,F,69,1997/05/30,愛知県
Lf######,佐藤 翔太,2022-04-14 15:04:07,fujitamituru@gmail.com,M,75,1993/01/19,神奈川県
EO######,山本 七夏,2023-12-03 10:33:36,kana31@hotmail.com,F,39,1954/10/04,山梨県
ne######,山崎 香織,2024-10-22 15:23:14,nsuzuki@suzuki.com,M,61,1966/03/04,佐賀県
Oy######,三浦 洋介,2023-06-27 16:29:14,mikisato@ota.net,M,41,1975/08/23,秋田県
Me######,渡辺 陽子,2024-10-31 09:13:55,naoto66@hotmail.com,M,34,1960/01/05,群馬県
yb######,青木 さゆり,2023-05-10 11:17:39,yumikosasaki@tanaka.jp,M,27,1984/09/20,茨城県
uO######,佐藤 さゆり,2023-08-30 00:13:46,vendo@saito.com,F,47,1988/07/26,兵庫県
pJ######,藤田 結衣,2023-02-08 13:23:46,osamusaito@yahoo.com,F,73,1955/07/19,埼玉県
dQ######,佐藤 七夏,2024-06-18 23:34:18,ryohei27@yamamoto.com,M,76,1974/09/09,島根県
rA######,阿部 千代,2022-11-19 05:52:17,gotoryohei@hasegawa.net,M,63,1962/05/05,鹿児島県
pE######,岡田 美加子,2023-10-26 07:10:02,reisakamoto@kato.com,M,40,1994/08/24,福島県
Xk######,佐藤 くみ子,2022-03-14 18:58:12,kimurayumiko@sasaki.com,F,49,1989/06/28,福岡県
LM######,中村 美加子,2022-11-01 18:25:45,tanakakenichi@sasaki.jp,M,34,2005/03/18,京都府
SK######,青木 治,2023-03-17 17:53:47,unakamura@hotmail.com,M,67,1966/09/30,秋田県
hS######,鈴木 花子,2023-08-19 07:11:19,yumiko10@yamada.jp,F,68,1959/03/10,岐阜県
IO######,小林 太一,2024-12-03 17:08:12,kazuya89@hotmail.com,F,34,1979/08/23,鹿児島県
fr######,清水 直人,2025-01-29 09:47:17,yuta91@goto.net,M,31,1971/03/17,岐阜県
iX######,松本 淳,2023-01-15 14:49:12,rikaito@yahoo.com,F,26,1986/09/10,香川県
Ze######,藤田 裕樹,2024-05-14 20:18:16,dsasaki@miura.com,F,57,1983/02/25,島根県
xw######,高橋 稔,2023-06-15 05:12:03,yuinakamura@endo.com,M,19,1948/09/26,滋賀県
pP######,鈴木 直樹,2024-04-25 19:01:18,fmatsumoto@mori.jp,F,62,1977/06/04,愛知県
hL######,岡田 春香,2023-11-02 08:49:33,takumayoshida@abe.com,M,42,1985/05/24,京都府
qM######,山下 学,2023-10-10 16:16:46,osamuikeda@hotmail.com,F,56,2006/05/03,香川県
iY######,渡辺 学,2022-03-16 01:59:10,sakamotoyasuhiro@watanabe.com,M,26,1972/03/09,福井県
RS######,石川 和也,2023-07-24 15:06:32,gkato@hotmail.com,M,71,1965/12/23,神奈川県
Ym######,坂本 あすか,2023-05-11 20:55:57,bishii@gmail.com,M,39,1958/05/10,神奈川県
UT######,佐々木 充,2022-06-03 17:11:04,kaori54@matsumoto.com,F,60,1997/02/20,奈良県
Zf######,中川 充,2022-03-31 19:04:26,nakajimaryosuke@sato.com,M,63,1970/05/02,長野県
AJ######,中村 さゆり,2023-05-20 17:00:47,kumiko15@yahoo.com,F,21,1994/08/21,奈良県
gX######,藤原 花子,2022-11-09 09:41:34,okadamai@nakagawa.jp,M,43,1979/04/04,三重県
jM######,松本 陽一,2022-05-05 13:38:17,rika15@yahoo.com,M,75,1994/07/30,石川県
nh######,藤田 真綾,2024-04-21 14:30:07,manabutakahashi@sato.com,F,46,1986/08/02,富山県
Be######,佐藤 京助,2022-10-02 04:03:30,kaori87@tanaka.jp,M,62,1991/06/22,香川県
Dh######,小林 康弘,2023-07-19 15:20:20,matsumotomanabu@yahoo.com,M,51,2002/01/08,神奈川県
Nk######,福田 加奈,2024-07-14 09:05:48,nito@hotmail.com,F,40,1950/06/23,高知県
Zh######,木村 美加子,2024-02-11 05:01:38,yasuhiro30@nakajima.com,M,54,1979/05/20,大阪府
pQ######,田中 陽一,2024-11-29 05:29:54,yutayamaguchi@hotmail.com,M,28,1952/12/23,岩手県
dc######,佐藤 幹,2024-06-10 20:38:00,atsushi71@hashimoto.jp,M,23,1984/06/06,秋田県
aC######,伊藤 桃子,2023-05-25 18:56:36,shimizunaoko@takahashi.com,M,35,1985/02/27,福井県
up######,藤田 香織,2023-02-22 05:10:14,fujitayosuke@hotmail.com,F,38,1944/08/18,東京都
Dl######,加藤 零,2023-12-01 14:19:49,inouesayuri@yahoo.com,F,59,1964/07/02,福岡県
Rq######,小林 幹,2025-01-18 08:07:22,tanakahideki@goto.com,M,53,1962/08/06,広島県
yz######,吉田 治,2023-04-07 09:52:44,nishimurayoko@nakagawa.com,F,58,2006/06/18,高知県
tw######,松本 春香,2023-01-27 03:54:21,ytakahashi@tanaka.com,M,55,1976/09/17,沖縄県
af######,岡田 健一,2022-11-28 07:32:56,ryosukeyamada@gmail.com,F,51,2001/04/27,静岡県
sf######,青木 里佳,2024-12-07 11:23:35,akemikimura@yamada.jp,M,34,1948/12/22,岡山県
Jv######,小川 健一,2022-12-12 12:46:59,fujiimomoko@sasaki.com,M,54,1969/09/22,島根県
gw######,橋本 亮介,2023-12-12 18:54:19,vmatsumoto@gmail.com,M,42,1994/11/12,山口県
DZ######,田中 修平,2023-04-08 07:13:30,kana15@matsumoto.com,M,55,1957/05/13,長野県
tm######,田中 美加子,2024-09-05 16:00:41,watanabeyuta@yahoo.com,M,75,1969/07/25,京都府
yU######,山口 香織,2024-01-11 21:54:39,yui62@yamaguchi.com,M,29,1967/09/11,山形県
uz######,近藤 陽一,2022-09-19 10:05:07,oyamada@suzuki.com,F,40,1975/06/15,鹿児島県
YX######,佐藤 加奈,2023-12-28 09:43:34,yoko66@yahoo.com,M,70,1997/12/20,山口県
wp######,鈴木 淳,2023-06-16 03:47:24,yamadaosamu@suzuki.com,F,59,1954/03/24,千葉県
RA######,渡辺 治,2024-07-09 09:11:34,kaori45@hasegawa.org,M,39,1967/11/01,岡山県
HS######,近藤 春香,2023-11-30 05:30:47,sotaroyamada@hotmail.com,F,38,1965/08/05,島根県
wF######,中村 加奈,2022-10-16 23:09:40,bnakajima@watanabe.com,F,44,1977/12/08,愛媛県
Cp######,坂本 花子,2022-05-27 07:32:03,momokosakamoto@hotmail.com,F,74,1955/01/18,三重県
OW######,太田 知実,2024-11-02 22:30:35,mikako05@sato.com,M,48,1955/03/25,宮城県
gW######,伊藤 健一,2024-05-19 16:25:24,yosukemori@yahoo.com,M,23,1950/08/20,滋賀県
Tg######,岡田 直人,2024-06-29 17:20:12,maaya65@yoshida.com,F,44,1999/06/16,新潟県
dP######,山本 拓真,2024-11-24 00:21:04,suzukiryosuke@takahashi.jp,M,57,2003/05/11,東京都
WE######,中村 裕美子,2025-01-26 19:11:45,yamashitatomoya@kobayashi.net,F,51,1949/10/05,三重県
DA######,遠藤 直樹,2023-01-03 09:33:55,hidekiyamada@yahoo.com,M,29,1994/03/31,秋田県
Qw######,佐藤 里佳,2023-08-11 13:03:26,ishiiyosuke@fujita.net,F,62,2006/01/09,群馬県
dF######,山崎 直樹,2024-09-25 14:48:29,kenichi90@hotmail.com,F,74,1967/09/21,埼玉県
dq######,村上 稔,2023-11-14 13:45:09,fabe@yamaguchi.org,M,70,2003/09/29,富山県
Sg######,山本 涼平,2023-07-26 11:41:34,akirahashimoto@hotmail.com,F,24,1973/08/18,徳島県
jh######,木村 和也,2023-02-15 13:59:55,ytanaka@gmail.com,M,27,1962/01/01,新潟県
rC######,山田 治,2023-09-02 00:48:16,sayuri46@gmail.com,F,62,1981/07/13,岩手県
wL######,小林 零,2023-03-24 10:11:09,hayashichiyo@yahoo.com,F,34,1945/01/08,長崎県
ge######,斎藤 さゆり,2023-09-03 09:50:35,minoru27@hotmail.com,M,43,1959/08/25,岩手県
Rs######,木村 陽一,2023-10-15 21:47:01,ksuzuki@gmail.com,M,38,1944/08/17,長野県
gd######,青木 幹,2025-02-09 20:17:25,yamaguchimiki@yamamoto.jp,M,45,1950/10/05,福岡県
LH######,後藤 加奈,2023-07-05 05:14:47,skondo@gmail.com,F,79,1988/05/07,岩手県
VR######,山崎 くみ子,2023-01-29 15:47:36,vgoto@takahashi.com,M,75,2006/03/18,佐賀県
aJ######,佐々木 直子,2023-01-05 03:13:51,ryamamoto@nishimura.com,F,63,1946/11/30,千葉県
Sx######,加藤 淳,2024-07-08 02:38:55,hanakosaito@saito.com,F,19,1986/06/28,山口県
YP######,村上 知実,2023-11-13 04:07:16,suzukimiki@sato.com,M,77,1964/03/02,福井県
Vk######,伊藤 翼,2024-05-04 08:18:01,momokoaoki@yahoo.com,M,71,1947/12/23,京都府
FC######,鈴木 陽子,2023-05-24 17:46:10,mikakosato@shimizu.com,F,60,1996/04/05,大阪府
Xu######,田中 明美,2023-10-17 14:49:49,junnakamura@aoki.net,F,18,1955/04/30,大分県
ES######,鈴木 康弘,2022-09-23 12:34:32,lmori@hotmail.com,M,68,1978/10/02,高知県
Wm######,橋本 里佳,2025-01-25 09:34:52,osamu65@yahoo.com,M,70,1969/11/22,栃木県
fy######,橋本 稔,2022-04-02 14:07:34,otayoichi@yamada.jp,M,53,1975/10/05,福島県
QG######,山下 涼平,2022-05-26 19:08:16,abehanako@aoki.com,M,68,1972/01/05,広島県
os######,田中 舞,2024-12-20 19:44:03,qmori@ikeda.jp,M,43,1968/02/11,千葉県
sO######,吉田 結衣,2024-03-15 19:18:52,nakamuramai@hotmail.com,F,46,1948/07/07,山形県
WW######,石井 翔太,2024-03-15 11:04:22,wkato@yamaguchi.net,F,38,2001/03/30,福島県
OJ######,西村 淳,2023-06-10 07:04:19,taro43@yamaguchi.com,F,28,1988/10/29,愛知県
Nc######,伊藤 英樹,2022-05-01 17:10:52,taro01@gmail.com,F,57,1982/10/08,福岡県
NK######,林 太郎,2024-11-29 18:23:46,maihasegawa@tanaka.jp,M,28,1971/10/11,島根県
dL######,遠藤 翔太,2024-11-17 01:10:20,taichi10@gmail.com,M,53,1960/01/01,高知県
ZL######,鈴木 舞,2022-09-14 05:08:30,chiyoikeda@fujita.org,M,66,1970/03/28,栃木県
TY######,吉田 舞,2023-10-04 04:19:21,suzukitaro@yamashita.org,F,76,1993/08/18,高知県
rt######,山田 裕美子,2024-03-19 11:00:37,qsasaki@gmail.com,F,56,1958/10/22,島根県
bf######,吉田 健一,2022-04-30 19:04:45,taroogawa@yahoo.com,M,57,1966/09/28,富山県
UJ######,井上 篤司,2022-09-18 14:02:16,qsato@hotmail.com,M,52,1961/02/15,広島県
Gp######,佐藤 陽一,2025-01-02 06:22:22,nanamiokamoto@hotmail.com,F,71,1950/10/21,高知県
Rv######,吉田 知実,2022-08-19 12:39:24,mituru40@hotmail.com,F,51,1974/08/13,静岡県
Sm######,佐々木 治,2023-03-13 08:53:57,otahiroshi@matsumoto.com,M,72,1952/12/23,新潟県
fB######,石川 里佳,2024-01-29 07:38:14,yamamotomiki@fujii.jp,M,64,2005/09/01,山口県
YB######,青木 充,2023-05-26 23:56:45,iogawa@kondo.org,F,41,1999/11/09,徳島県
Gv######,山本 直子,2023-05-04 06:48:33,yokotakahashi@gmail.com,M,71,1970/06/10,青森県
gk######,池田 花子,2023-10-23 18:28:36,vhashimoto@hashimoto.jp,M,39,1991/04/23,神奈川県
zR######,藤田 桃子,2024-11-27 11:53:27,yosukenakamura@suzuki.net,M,22,1963/10/17,鹿児島県
VD######,山崎 くみ子,2023-12-23 23:40:53,kenichi07@yahoo.com,F,73,1954/09/18,岐阜県
AT######,佐藤 千代,2024-03-31 00:04:16,lhashimoto@hotmail.com,F,50,1955/05/09,福井県
oD######,村上 知実,2022-03-23 04:28:21,chiyomiura@hotmail.com,F,75,1974/03/24,兵庫県
Ct######,前田 修平,2024-06-10 07:27:33,kazuya23@yahoo.com,F,53,1951/11/18,香川県
Df######,藤田 浩,2025-02-06 12:11:53,akemi62@sato.com,F,64,1945/12/21,長野県
BB######,藤田 京助,2023-10-30 14:09:02,hyamada@yahoo.com,F,37,1969/03/14,兵庫県
wW######,渡辺 康弘,2022-07-25 05:58:51,jun07@ogawa.com,F,36,1948/10/02,徳島県
Em######,山口 真綾,2024-06-08 08:06:11,mai38@gmail.com,M,52,1950/10/03,新潟県
fd######,中島 涼平,2024-11-13 20:36:59,maishimizu@yahoo.com,M,69,1992/03/07,富山県
uC######,小林 京助,2023-02-23 22:27:08,osamu46@gmail.com,M,60,1950/12/16,鹿児島県
wO######,高橋 直子,2024-09-30 03:26:24,yumikoinoue@sato.com,M,34,1967/10/03,北海道
cM######,小川 里佳,2022-08-15 11:15:54,atsushi60@yahoo.com,M,79,2003/07/06,群馬県
Qm######,石井 加奈,2025-01-30 09:45:49,msato@nakamura.com,M,76,1978/01/27,神奈川県
Bj######,渡辺 あすか,2024-11-16 04:36:56,kshimizu@kobayashi.com,M,62,1956/06/04,熊本県
kX######,佐藤 あすか,2024-03-25 18:08:31,ishikawaminoru@hotmail.com,F,60,1969/07/07,兵庫県
Yi######,田中 健一,2025-02-03 06:49:42,satomiyamashita@yahoo.com,F,51,1981/09/27,新潟県
Xh######,松本 陽一,2023-10-06 07:43:19,katokyosuke@yahoo.com,M,26,2007/02/22,沖縄県
Go######,藤田 晃,2025-02-24 07:33:36,mtakahashi@sato.jp,M,43,1968/06/12,滋賀県
gr######,佐藤 幹,2024-11-13 20:38:11,okamotokumiko@sasaki.net,F,19,1947/04/11,島根県
mj######,松本 裕樹,2022-09-19 21:50:05,miki21@yahoo.com,M,70,1960/10/05,鳥取県
nH######,中川 桃子,2023-10-18 14:17:59,nanami62@hotmail.com,M,26,1981/10/27,長崎県
rg######,山田 千代,2023-01-01 02:46:26,tanakayuki@gmail.com,F,26,2004/01/09,長崎県
Jr######,井上 七夏,2024-10-16 15:50:27,satomi89@aoki.com,M,57,1973/09/23,山口県
ij######,西村 春香,2024-11-01 21:18:25,mikisato@mori.jp,F,34,1987/05/03,神奈川県
VP######,岡田 花子,2023-04-03 15:14:25,kyosuke85@yamaguchi.net,M,18,1964/02/28,鹿児島県
TN######,中島 真綾,2024-08-03 10:16:52,rtanaka@inoue.com,F,42,1981/08/19,静岡県
OV######,石川 晃,2022-12-08 04:08:02,ikedatomoya@yahoo.com,F,78,1959/05/29,富山県
Jl######,青木 明美,2022-11-15 01:47:37,nakamuraryohei@nakajima.com,F,60,1963/01/11,鹿児島県
Fz######,斎藤 治,2025-02-25 14:58:36,yuta28@gmail.com,M,57,1980/01/28,徳島県
ig######,渡辺 里佳,2022-05-02 15:54:08,ysato@yahoo.com,F,59,1958/07/16,奈良県
dl######,長谷川 京助,2025-03-04 15:30:42,satoyumiko@ito.jp,M,42,1982/05/07,岡山県
jm######,田中 裕太,2023-11-29 06:16:26,hanakoota@yahoo.com,M,56,2006/03/26,静岡県
cB######,石川 篤司,2024-07-03 12:56:03,maayashimizu@matsumoto.jp,M,52,1981/11/28,愛媛県
XU######,高橋 真綾,2025-01-13 22:17:42,fabe@yahoo.com,M,20,1964/09/20,新潟県
JL######,加藤 浩,2022-06-27 19:41:58,saitorika@yahoo.com,F,67,1950/04/02,福岡県
VN######,中島 亮介,2024-03-10 13:22:24,bkondo@ito.jp,F,54,1980/07/21,長崎県
gy######,木村 結衣,2024-03-26 06:44:59,taichi71@yahoo.com,M,61,1959/04/24,高知県
As######,森 亮介,2023-05-18 00:41:30,fujiihideki@inoue.com,M,61,1974/09/16,大分県
Rb######,鈴木 陽子,2023-02-15 05:14:12,osasaki@yahoo.com,F,68,1990/07/05,鳥取県
VZ######,佐藤 翼,2025-01-12 06:16:47,ikedakazuya@hotmail.com,M,47,1987/09/27,兵庫県
FB######,山本 里佳,2022-07-11 09:04:28,katotomoya@hotmail.com,F,55,1975/07/23,茨城県
sd######,高橋 桃子,2024-09-20 19:08:27,jun96@nakagawa.org,M,51,1969/02/07,静岡県
Qo######,松本 健一,2024-11-04 19:35:52,mikiikeda@shimizu.jp,M,29,1967/10/26,埼玉県
fn######,鈴木 香織,2023-09-21 06:24:40,rogawa@yamamoto.jp,F,36,1958/12/19,愛知県
bP######,岡田 直樹,2023-11-14 22:38:12,lfujiwara@sato.org,M,54,1962/01/20,山形県
LE######,佐々木 零,2024-11-28 09:14:40,osamu30@ogawa.com,F,61,1955/09/08,三重県
HX######,小川 翔太,2024-10-22 00:12:07,kenichi09@yamamoto.com,M,76,1996/11/15,栃木県
oO######,佐藤 智也,2023-12-22 17:20:13,ishiiharuka@gmail.com,M,76,1984/01/08,東京都
AZ######,石川 篤司,2024-02-23 00:42:55,atsushikimura@ito.com,M,66,1965/03/16,鳥取県
Kl######,小川 英樹,2024-10-12 18:00:34,naoki65@hotmail.com,F,78,2000/05/06,青森県
jo######,山本 拓真,2024-07-02 09:18:11,kana62@tanaka.com,M,34,1977/11/25,広島県
KF######,阿部 拓真,2023-09-23 13:17:19,momokosasaki@hotmail.com,M,27,1977/07/28,岐阜県
rn######,中島 涼平,2024-05-05 08:19:56,ikedayosuke@gmail.com,M,74,1948/01/16,岡山県
wm######,山口 浩,2024-10-18 03:29:22,wkimura@yahoo.com,M,72,1983/10/11,山口県
cq######,山本 七夏,2024-04-21 00:34:32,kanaito@yahoo.com,F,66,1983/02/01,栃木県
ie######,林 修平,2024-10-23 17:02:33,kumikotanaka@takahashi.org,F,64,1969/03/09,山形県
Op######,石川 裕太,2023-03-17 19:51:17,mai13@watanabe.jp,M,29,1949/04/06,熊本県
RV######,木村 里佳,2022-11-27 09:25:43,yamamotomikako@hotmail.com,F,79,1973/05/04,長野県
lF######,高橋 裕美子,2023-04-19 05:48:32,nakamuramiki@yahoo.com,M,33,1978/02/25,北海道
Qf######,小林 春香,2022-06-22 18:24:58,yamamotohideki@ishii.net,M,41,1958/10/05,愛知県
mE######,青木 里佳,2025-01-17 14:42:05,ahasegawa@gmail.com,M,36,1950/09/18,大阪府
hF######,清水 和也,2023-08-02 07:22:49,suzukimituru@gmail.com,F,25,1946/09/27,岐阜県
bb######,木村 陽子,2024-01-02 19:46:45,kana82@ishii.net,F,48,1985/01/19,福島県
Py######,加藤 千代,2023-07-24 07:57:51,afujita@hotmail.com,F,38,2001/12/06,東京都
mh######,太田 くみ子,2024-03-02 03:44:13,lfujii@mori.com,F,34,1990/06/23,沖縄県
By######,前田 治,2025-02-08 23:37:58,yuisuzuki@gmail.com,F,40,1989/11/04,北海道
Vt######,三浦 修平,2024-02-19 18:04:55,akemi93@hotmail.com,F,54,1961/07/07,富山県
hb######,鈴木 直子,2024-10-13 06:59:43,fsato@suzuki.com,F,71,1953/09/09,大分県
Qc######,遠藤 陽一,2023-09-24 22:37:36,nanamitakahashi@hotmail.com,F,33,1944/05/26,石川県
mU######,石井 陽子,2023-09-27 15:27:59,ryoheitakahashi@sasaki.jp,F,23,1987/10/11,群馬県
dm######,森 英樹,2024-08-31 00:30:58,isasaki@yamazaki.jp,M,25,1981/05/10,沖縄県
SD######,吉田 涼平,2023-08-06 04:33:16,mituru68@yahoo.com,F,42,1981/05/31,山梨県
Ty######,太田 春香,2022-06-21 01:34:16,haruka18@saito.jp,F,35,1958/10/17,長崎県
Nq######,伊藤 亮介,2023-01-29 06:19:12,takuma77@ogawa.jp,F,42,1966/09/20,東京都
VT######,松本 明美,2022-05-20 16:17:57,rika54@tanaka.com,F,29,1981/08/01,青森県
fl######,鈴木 香織,2025-01-17 15:49:26,chiyosakamoto@sato.com,F,32,1998/02/15,岐阜県
hh######,伊藤 翔太,2023-02-24 07:56:45,watanabekaori@yahoo.com,F,76,1963/05/07,京都府
Hj######,阿部 英樹,2023-09-18 13:03:13,yamamotokyosuke@hasegawa.jp,F,43,1974/06/23,北海道
kB######,松本 舞,2023-03-15 01:36:04,kota@murakami.jp,F,58,1964/09/11,岐阜県
Yo######,福田 聡太郎,2022-04-24 15:37:16,mokada@mori.com,F,62,1978/11/02,高知県
RD######,吉田 陽子,2022-04-26 06:22:31,rmori@nakajima.jp,F,43,1982/12/16,新潟県
ov######,渡辺 幹,2022-08-25 10:59:34,satonaoko@ogawa.jp,F,64,1999/07/31,岐阜県
UR######,岡本 充,2023-04-15 11:21:10,aokinanami@yahoo.com,M,49,1962/04/14,鹿児島県
ng######,斎藤 加奈,2023-09-02 07:18:19,yutakimura@shimizu.org,M,27,1963/02/23,青森県
gg######,田中 あすか,2023-10-22 04:05:54,yamadaryohei@yahoo.com,F,33,2001/11/16,岩手県
bY######,佐藤 京助,2022-11-30 09:17:05,takumanakamura@hotmail.com,F,24,1979/04/14,宮崎県
Pf######,佐藤 陽子,2023-09-02 05:30:39,utanaka@hotmail.com,M,34,1989/01/31,奈良県
